交易时间,金额,收支类型,交易对方,交易描述,支付方式,交易状态,订单号,备注,原始来源
2025-02-15 00:00:00,-15.0,支出,财付通－https:www.apple.comcnitunescharts,财付通－https:www.apple.comcnitunescharts,中信银行信用卡(5878),成功,,入账日期:2025-02-15,中信银行-已出账单明细-10.xls
2025-02-14 00:00:00,-38.0,支出,财付通－喜茶,财付通－喜茶,中信银行信用卡(5878),成功,,入账日期:2025-02-14,中信银行-已出账单明细-10.xls
2025-02-12 00:00:00,-23.9,支出,财付通－美团平台商户,财付通－美团平台商户,中信银行信用卡(5878),成功,,入账日期:2025-02-12,中信银行-已出账单明细-10.xls
2025-02-10 00:00:00,-991.18,支出,财付通－京东商城平台商户,财付通－京东商城平台商户,中信银行信用卡(5878),成功,,入账日期:2025-02-10,中信银行-已出账单明细-10.xls
2025-02-08 00:00:00,-1849.0,支出,财付通－京东商城平台商户,财付通－京东商城平台商户,中信银行信用卡(5878),成功,,入账日期:2025-02-12,中信银行-已出账单明细-10.xls
2025-02-08 00:00:00,-16.05,支出,支付宝－北京嘀嘀无限科技发展有限公司,支付宝－北京嘀嘀无限科技发展有限公司,中信银行信用卡(5878),成功,,入账日期:2025-02-08,中信银行-已出账单明细-10.xls
2025-02-08 00:00:00,-5468.0,支出,财付通－京东商城平台商户,财付通－京东商城平台商户,中信银行信用卡(5878),成功,,入账日期:2025-02-08,中信银行-已出账单明细-10.xls
2025-02-07 00:00:00,-15.8,支出,支付宝－君安药房万科云城分店,支付宝－君安药房万科云城分店,中信银行信用卡(5878),成功,,入账日期:2025-02-07,中信银行-已出账单明细-10.xls
2025-02-07 00:00:00,-23.86,支出,支付宝－北京嘀嘀无限科技发展有限公司,支付宝－北京嘀嘀无限科技发展有限公司,中信银行信用卡(5878),成功,,入账日期:2025-02-07,中信银行-已出账单明细-10.xls
2025-02-07 00:00:00,-21.0,支出,支付宝－华科大协和深圳医院门诊部,支付宝－华科大协和深圳医院门诊部,中信银行信用卡(5878),成功,,入账日期:2025-02-07,中信银行-已出账单明细-10.xls
2025-02-07 00:00:00,-18.33,支出,支付宝－北京嘀嘀无限科技发展有限公司,支付宝－北京嘀嘀无限科技发展有限公司,中信银行信用卡(5878),成功,,入账日期:2025-02-07,中信银行-已出账单明细-10.xls
2025-02-07 00:00:00,-4.9,支出,财付通－重庆奥特乐,财付通－重庆奥特乐,中信银行信用卡(5878),成功,,入账日期:2025-02-07,中信银行-已出账单明细-10.xls
2025-02-07 00:00:00,-25.92,支出,支付宝－北京嘀嘀无限科技发展有限公司,支付宝－北京嘀嘀无限科技发展有限公司,中信银行信用卡(5878),成功,,入账日期:2025-02-07,中信银行-已出账单明细-10.xls
2025-02-06 00:00:00,-35.68,支出,财付通－足购鲜生超市蓝湖国际店,财付通－足购鲜生超市蓝湖国际店,中信银行信用卡(5878),成功,,入账日期:2025-02-06,中信银行-已出账单明细-10.xls
2025-02-06 00:00:00,-43.0,支出,支付宝－中国铁路网络有限公司,支付宝－中国铁路网络有限公司,中信银行信用卡(5878),成功,,入账日期:2025-02-06,中信银行-已出账单明细-10.xls
2025-02-06 00:00:00,-9.31,支出,支付宝－北京嘀嘀无限科技发展有限公司,支付宝－北京嘀嘀无限科技发展有限公司,中信银行信用卡(5878),成功,,入账日期:2025-02-06,中信银行-已出账单明细-10.xls
2025-02-06 00:00:00,-43.0,支出,支付宝－中国铁路网络有限公司,支付宝－中国铁路网络有限公司,中信银行信用卡(5878),成功,,入账日期:2025-02-06,中信银行-已出账单明细-10.xls
2025-02-06 00:00:00,-7.96,支出,支付宝－北京嘀嘀无限科技发展有限公司,支付宝－北京嘀嘀无限科技发展有限公司,中信银行信用卡(5878),成功,,入账日期:2025-02-06,中信银行-已出账单明细-10.xls
2025-02-05 00:00:00,-5000.0,支出,网银互联还款2323,网银互联还款2323,中信银行信用卡(5878),成功,,入账日期:2025-02-05,中信银行-已出账单明细-10.xls
2025-02-05 00:00:00,-3695.3,支出,财付通－南山云城泊寓旗舰店,财付通－南山云城泊寓旗舰店,中信银行信用卡(5878),成功,,入账日期:2025-02-05,中信银行-已出账单明细-10.xls
2025-02-05 00:00:00,-20.0,支出,支付宝－王岗坪旅游景区,支付宝－王岗坪旅游景区,中信银行信用卡(5878),成功,,入账日期:2025-02-05,中信银行-已出账单明细-10.xls
2025-02-05 00:00:00,-20.0,支出,支付宝－王岗坪旅游景区,支付宝－王岗坪旅游景区,中信银行信用卡(5878),成功,,入账日期:2025-02-05,中信银行-已出账单明细-10.xls
2025-02-04 00:00:00,-152.0,支出,支付宝－喜洋洋酒店,支付宝－喜洋洋酒店,中信银行信用卡(5878),成功,,入账日期:2025-02-04,中信银行-已出账单明细-10.xls
2025-02-04 00:00:00,-822.0,支出,支付宝－汉庭星空(上海)酒店管理有限公司,支付宝－汉庭星空(上海)酒店管理有限公司,中信银行信用卡(5878),成功,,入账日期:2025-02-04,中信银行-已出账单明细-10.xls
2025-02-04 00:00:00,-274.0,支出,支付宝－汉庭星空(上海)酒店管理有限公司,支付宝－汉庭星空(上海)酒店管理有限公司,中信银行信用卡(5878),成功,,入账日期:2025-02-04,中信银行-已出账单明细-10.xls
2025-02-03 00:00:00,-102.5,支出,支付宝－成都木趣桶网络科技有限公司,支付宝－成都木趣桶网络科技有限公司,中信银行信用卡(5878),成功,,入账日期:2025-02-03,中信银行-已出账单明细-10.xls
2025-02-03 00:00:00,-50.0,支出,支付宝－中国移动,支付宝－中国移动,中信银行信用卡(5878),成功,,入账日期:2025-02-03,中信银行-已出账单明细-10.xls
2025-01-31 00:00:00,-10.0,支出,支付宝－汉源县加油站黄牛肉馆,支付宝－汉源县加油站黄牛肉馆,中信银行信用卡(5878),成功,,入账日期:2025-01-31,中信银行-已出账单明细-10.xls
2025-01-30 00:00:00,-52.9,支出,支付宝－四川省永绘企业管理有限公司蜀阳店,支付宝－四川省永绘企业管理有限公司蜀阳店,中信银行信用卡(5878),成功,,入账日期:2025-01-30,中信银行-已出账单明细-10.xls
2025-01-29 00:00:00,-12.9,支出,支付宝－北京嘀嘀无限科技发展有限公司,支付宝－北京嘀嘀无限科技发展有限公司,中信银行信用卡(5878),成功,,入账日期:2025-01-29,中信银行-已出账单明细-10.xls
2025-01-28 00:00:00,-1724.0,支出,支付宝－大宏福服饰店,支付宝－大宏福服饰店,中信银行信用卡(5878),成功,,入账日期:2025-01-28,中信银行-已出账单明细-10.xls
2025-01-27 00:00:00,-200.0,支出,财付通－向微信红包封面开放平台付款,财付通－向微信红包封面开放平台付款,中信银行信用卡(5878),成功,,入账日期:2025-01-27,中信银行-已出账单明细-10.xls
2025-01-27 00:00:00,-54.91,支出,支付宝－北京嘀嘀无限科技发展有限公司,支付宝－北京嘀嘀无限科技发展有限公司,中信银行信用卡(5878),成功,,入账日期:2025-01-27,中信银行-已出账单明细-10.xls
2025-01-27 00:00:00,-10.42,支出,支付宝－北京嘀嘀无限科技发展有限公司,支付宝－北京嘀嘀无限科技发展有限公司,中信银行信用卡(5878),成功,,入账日期:2025-01-27,中信银行-已出账单明细-10.xls
2025-01-27 00:00:00,-1.7,支出,支付宝－沃尔玛（中国）投资有限公司,支付宝－沃尔玛（中国）投资有限公司,中信银行信用卡(5878),成功,,入账日期:2025-01-27,中信银行-已出账单明细-10.xls
2025-01-27 00:00:00,-259.6,支出,支付宝－沃尔玛（中国）投资有限公司,支付宝－沃尔玛（中国）投资有限公司,中信银行信用卡(5878),成功,,入账日期:2025-01-27,中信银行-已出账单明细-10.xls
2025-01-26 00:00:00,-13.0,支出,支付宝－北京嘀嘀无限科技发展有限公司,支付宝－北京嘀嘀无限科技发展有限公司,中信银行信用卡(5878),成功,,入账日期:2025-01-26,中信银行-已出账单明细-10.xls
2025-01-26 00:00:00,-290.0,支出,支付宝－汉庭星空(上海)酒店管理有限公司,支付宝－汉庭星空(上海)酒店管理有限公司,中信银行信用卡(5878),成功,,入账日期:2025-01-26,中信银行-已出账单明细-10.xls
2025-01-26 00:00:00,-245.0,支出,支付宝－泰式热炒,支付宝－泰式热炒,中信银行信用卡(5878),成功,,入账日期:2025-01-26,中信银行-已出账单明细-10.xls
2025-01-26 00:00:00,-38.01,支出,支付宝－北京嘀嘀无限科技发展有限公司,支付宝－北京嘀嘀无限科技发展有限公司,中信银行信用卡(5878),成功,,入账日期:2025-01-26,中信银行-已出账单明细-10.xls
2025-01-25 00:00:00,-624.0,支出,支付宝－天津京超海购商贸有限公司,支付宝－天津京超海购商贸有限公司,中信银行信用卡(5878),成功,,入账日期:2025-02-14,中信银行-已出账单明细-10.xls
2025-01-25 00:00:00,-624.0,支出,支付宝－天津京超海购商贸有限公司,支付宝－天津京超海购商贸有限公司,中信银行信用卡(5878),成功,,入账日期:2025-01-25,中信银行-已出账单明细-10.xls
2025-01-25 00:00:00,-803.0,支出,支付宝－浙江天猫供应链管理有限公司,支付宝－浙江天猫供应链管理有限公司,中信银行信用卡(5878),成功,,入账日期:2025-01-25,中信银行-已出账单明细-10.xls
2025-01-25 00:00:00,-803.0,支出,支付宝－浙江天猫供应链管理有限公司,支付宝－浙江天猫供应链管理有限公司,中信银行信用卡(5878),成功,,入账日期:2025-01-25,中信银行-已出账单明细-10.xls
2025-01-25 00:00:00,-803.0,支出,支付宝－浙江天猫供应链管理有限公司,支付宝－浙江天猫供应链管理有限公司,中信银行信用卡(5878),成功,,入账日期:2025-01-25,中信银行-已出账单明细-10.xls
2025-01-25 00:00:00,-803.0,支出,支付宝－浙江天猫供应链管理有限公司,支付宝－浙江天猫供应链管理有限公司,中信银行信用卡(5878),成功,,入账日期:2025-01-25,中信银行-已出账单明细-10.xls
2025-01-25 00:00:00,-22.98,支出,支付宝－北京嘀嘀无限科技发展有限公司,支付宝－北京嘀嘀无限科技发展有限公司,中信银行信用卡(5878),成功,,入账日期:2025-01-25,中信银行-已出账单明细-10.xls
2025-01-25 00:00:00,-62.0,支出,支付宝－渝月威新店,支付宝－渝月威新店,中信银行信用卡(5878),成功,,入账日期:2025-01-25,中信银行-已出账单明细-10.xls
2025-01-25 00:00:00,-20.87,支出,支付宝－北京嘀嘀无限科技发展有限公司,支付宝－北京嘀嘀无限科技发展有限公司,中信银行信用卡(5878),成功,,入账日期:2025-01-25,中信银行-已出账单明细-10.xls
2025-01-24 00:00:00,-17.95,支出,支付宝－北京嘀嘀无限科技发展有限公司,支付宝－北京嘀嘀无限科技发展有限公司,中信银行信用卡(5878),成功,,入账日期:2025-01-24,中信银行-已出账单明细-10.xls
2025-01-23 00:00:00,-930.0,支出,支付宝－浙江天猫供应链管理有限公司,支付宝－浙江天猫供应链管理有限公司,中信银行信用卡(5878),成功,,入账日期:2025-01-23,中信银行-已出账单明细-10.xls
2025-01-23 00:00:00,-813.0,支出,支付宝－浙江天猫供应链管理有限公司,支付宝－浙江天猫供应链管理有限公司,中信银行信用卡(5878),成功,,入账日期:2025-01-23,中信银行-已出账单明细-10.xls
2025-01-23 00:00:00,-813.0,支出,支付宝－浙江天猫供应链管理有限公司,支付宝－浙江天猫供应链管理有限公司,中信银行信用卡(5878),成功,,入账日期:2025-01-23,中信银行-已出账单明细-10.xls
2025-01-23 00:00:00,-12000.0,支出,网银互联还款2323,网银互联还款2323,中信银行信用卡(5878),成功,,入账日期:2025-01-23,中信银行-已出账单明细-10.xls
2025-01-23 00:00:00,-18.48,支出,支付宝－北京嘀嘀无限科技发展有限公司,支付宝－北京嘀嘀无限科技发展有限公司,中信银行信用卡(5878),成功,,入账日期:2025-01-23,中信银行-已出账单明细-10.xls
2025-01-23 00:00:00,-930.0,支出,支付宝－浙江天猫供应链管理有限公司,支付宝－浙江天猫供应链管理有限公司,中信银行信用卡(5878),成功,,入账日期:2025-01-23,中信银行-已出账单明细-10.xls
2025-01-22 00:00:00,-1320.5,支出,支付宝－中国铁路网络有限公司,支付宝－中国铁路网络有限公司,中信银行信用卡(5878),成功,,入账日期:2025-02-03,中信银行-已出账单明细-10.xls
2025-01-22 00:00:00,-1168.5,支出,支付宝－携程旅行网,支付宝－携程旅行网,中信银行信用卡(5878),成功,,入账日期:2025-01-25,中信银行-已出账单明细-10.xls
2025-01-22 00:00:00,-130.0,支出,支付宝-中国铁路网络有限公司,支付宝-中国铁路网络有限公司,中信银行信用卡(5878),成功,,入账日期:2025-01-23,中信银行-已出账单明细-10.xls
2025-01-22 00:00:00,-10.0,支出,支付宝－携程旅行网,支付宝－携程旅行网,中信银行信用卡(5878),成功,,入账日期:2025-01-22,中信银行-已出账单明细-10.xls
2025-01-22 00:00:00,-10.0,支出,支付宝－携程旅行网,支付宝－携程旅行网,中信银行信用卡(5878),成功,,入账日期:2025-01-22,中信银行-已出账单明细-10.xls
2025-01-22 00:00:00,-1168.5,支出,支付宝－携程旅行网,支付宝－携程旅行网,中信银行信用卡(5878),成功,,入账日期:2025-01-22,中信银行-已出账单明细-10.xls
2025-01-22 00:00:00,-1390.0,支出,支付宝－中国铁路网络有限公司,支付宝－中国铁路网络有限公司,中信银行信用卡(5878),成功,,入账日期:2025-01-22,中信银行-已出账单明细-10.xls
2025-01-22 00:00:00,-1390.0,支出,支付宝－中国铁路网络有限公司,支付宝－中国铁路网络有限公司,中信银行信用卡(5878),成功,,入账日期:2025-01-22,中信银行-已出账单明细-10.xls
2025-01-22 00:00:00,-15.95,支出,支付宝－北京嘀嘀无限科技发展有限公司,支付宝－北京嘀嘀无限科技发展有限公司,中信银行信用卡(5878),成功,,入账日期:2025-01-22,中信银行-已出账单明细-10.xls
2025-01-21 00:00:00,-15.61,支出,支付宝－北京嘀嘀无限科技发展有限公司,支付宝－北京嘀嘀无限科技发展有限公司,中信银行信用卡(5878),成功,,入账日期:2025-01-21,中信银行-已出账单明细-10.xls
2025-01-20 00:00:00,-23.34,支出,支付宝－滴滴出行科技有限公司,支付宝－滴滴出行科技有限公司,中信银行信用卡(5878),成功,,入账日期:2025-01-20,中信银行-已出账单明细-10.xls
2025-01-20 00:00:00,-15.61,支出,支付宝－北京嘀嘀无限科技发展有限公司,支付宝－北京嘀嘀无限科技发展有限公司,中信银行信用卡(5878),成功,,入账日期:2025-01-20,中信银行-已出账单明细-10.xls
2025-01-18 00:00:00,-19.25,支出,支付宝－高德打车,支付宝－高德打车,中信银行信用卡(5878),成功,,入账日期:2025-01-18,中信银行-已出账单明细-10.xls
2025-01-18 00:00:00,-14.0,支出,支付宝－无印良品（上海）商业有限公司,支付宝－无印良品（上海）商业有限公司,中信银行信用卡(5878),成功,,入账日期:2025-01-18,中信银行-已出账单明细-10.xls
2025-01-18 00:00:00,-132.0,支出,支付宝－深圳市立行餐饮管理有限公司,支付宝－深圳市立行餐饮管理有限公司,中信银行信用卡(5878),成功,,入账日期:2025-01-18,中信银行-已出账单明细-10.xls
2025-01-18 00:00:00,-16.97,支出,支付宝－北京嘀嘀无限科技发展有限公司,支付宝－北京嘀嘀无限科技发展有限公司,中信银行信用卡(5878),成功,,入账日期:2025-01-18,中信银行-已出账单明细-10.xls
2025-01-18 00:00:00,-24.8,支出,支付宝－陈瞎妮,支付宝－陈瞎妮,中信银行信用卡(5878),成功,,入账日期:2025-01-18,中信银行-已出账单明细-10.xls
2025-01-17 00:00:00,-26.46,支出,支付宝－北京嘀嘀无限科技发展有限公司,支付宝－北京嘀嘀无限科技发展有限公司,中信银行信用卡(5878),成功,,入账日期:2025-01-17,中信银行-已出账单明细-10.xls
2025-01-17 00:00:00,-19.0,支出,支付宝－圳卤力,支付宝－圳卤力,中信银行信用卡(5878),成功,,入账日期:2025-01-17,中信银行-已出账单明细-10.xls
2025-01-17 00:00:00,-18.51,支出,支付宝－北京嘀嘀无限科技发展有限公司,支付宝－北京嘀嘀无限科技发展有限公司,中信银行信用卡(5878),成功,,入账日期:2025-01-17,中信银行-已出账单明细-10.xls
2025-01-12 00:00:00,-10.0,支出,支付宝－携程旅行网,支付宝－携程旅行网,中信银行信用卡(5878),成功,,入账日期:2025-01-25,中信银行-已出账单明细-10.xls
2025-01-12 00:00:00,-1401.0,支出,支付宝－中国铁路网络有限公司,支付宝－中国铁路网络有限公司,中信银行信用卡(5878),成功,,入账日期:2025-01-22,中信银行-已出账单明细-10.xls
2025-01-12 00:00:00,-1132.5,支出,支付宝－中国铁路网络有限公司,支付宝－中国铁路网络有限公司,中信银行信用卡(5878),成功,,入账日期:2025-01-22,中信银行-已出账单明细-10.xls
2025-01-12 00:00:00,-1490.0,支出,支付宝－中国铁路网络有限公司,支付宝－中国铁路网络有限公司,中信银行信用卡(5878),成功,,入账日期:2025-01-22,中信银行-已出账单明细-10.xls
2025-01-11 00:00:00,-1500.0,支出,支付宝－携程旅行网,支付宝－携程旅行网,中信银行信用卡(5878),成功,,入账日期:2025-01-23,中信银行-已出账单明细-10.xls
2025-01-16 00:00:00,-14.82,支出,支付宝－北京嘀嘀无限科技发展有限公司,支付宝－北京嘀嘀无限科技发展有限公司,中信银行信用卡(5878),成功,,入账日期:2025-01-16,中信银行-已出账单明细-11.xls
2025-01-15 00:00:00,-15.17,支出,支付宝－北京嘀嘀无限科技发展有限公司,支付宝－北京嘀嘀无限科技发展有限公司,中信银行信用卡(5878),成功,,入账日期:2025-01-15,中信银行-已出账单明细-11.xls
2025-01-14 00:00:00,-8.9,支出,支付宝－广州有家实业有限公司,支付宝－广州有家实业有限公司,中信银行信用卡(5878),成功,,入账日期:2025-01-14,中信银行-已出账单明细-11.xls
2025-01-14 00:00:00,-35.82,支出,支付宝－小女当家,支付宝－小女当家,中信银行信用卡(5878),成功,,入账日期:2025-01-14,中信银行-已出账单明细-11.xls
2025-01-14 00:00:00,-14.47,支出,支付宝－北京嘀嘀无限科技发展有限公司,支付宝－北京嘀嘀无限科技发展有限公司,中信银行信用卡(5878),成功,,入账日期:2025-01-14,中信银行-已出账单明细-11.xls
2025-01-13 00:00:00,-14.47,支出,支付宝－北京嘀嘀无限科技发展有限公司,支付宝－北京嘀嘀无限科技发展有限公司,中信银行信用卡(5878),成功,,入账日期:2025-01-13,中信银行-已出账单明细-11.xls
2025-01-12 00:00:00,-41.0,支出,支付宝－中国铁路网络有限公司,支付宝－中国铁路网络有限公司,中信银行信用卡(5878),成功,,入账日期:2025-01-15,中信银行-已出账单明细-11.xls
2025-01-12 00:00:00,-30.67,支出,支付宝－果然鲜(万科云城店),支付宝－果然鲜(万科云城店),中信银行信用卡(5878),成功,,入账日期:2025-01-12,中信银行-已出账单明细-11.xls
2025-01-12 00:00:00,-50.0,支出,支付宝－风驰黑炭,支付宝－风驰黑炭,中信银行信用卡(5878),成功,,入账日期:2025-01-12,中信银行-已出账单明细-11.xls
2025-01-12 00:00:00,-1401.0,支出,支付宝－中国铁路网络有限公司,支付宝－中国铁路网络有限公司,中信银行信用卡(5878),成功,,入账日期:2025-01-12,中信银行-已出账单明细-11.xls
2025-01-12 00:00:00,-1401.0,支出,支付宝－中国铁路网络有限公司,支付宝－中国铁路网络有限公司,中信银行信用卡(5878),成功,,入账日期:2025-01-12,中信银行-已出账单明细-11.xls
2025-01-12 00:00:00,-1401.0,支出,支付宝－中国铁路网络有限公司,支付宝－中国铁路网络有限公司,中信银行信用卡(5878),成功,,入账日期:2025-01-12,中信银行-已出账单明细-11.xls
2025-01-12 00:00:00,-10.0,支出,支付宝－携程旅行网,支付宝－携程旅行网,中信银行信用卡(5878),成功,,入账日期:2025-01-12,中信银行-已出账单明细-11.xls
2025-01-12 00:00:00,-1132.5,支出,支付宝－中国铁路网络有限公司,支付宝－中国铁路网络有限公司,中信银行信用卡(5878),成功,,入账日期:2025-01-12,中信银行-已出账单明细-11.xls
2025-01-12 00:00:00,-1490.0,支出,支付宝－中国铁路网络有限公司,支付宝－中国铁路网络有限公司,中信银行信用卡(5878),成功,,入账日期:2025-01-12,中信银行-已出账单明细-11.xls
2025-01-12 00:00:00,-1490.0,支出,支付宝－中国铁路网络有限公司,支付宝－中国铁路网络有限公司,中信银行信用卡(5878),成功,,入账日期:2025-01-12,中信银行-已出账单明细-11.xls
2025-01-12 00:00:00,-1490.0,支出,支付宝－中国铁路网络有限公司,支付宝－中国铁路网络有限公司,中信银行信用卡(5878),成功,,入账日期:2025-01-12,中信银行-已出账单明细-11.xls
2025-01-12 00:00:00,-1168.5,支出,支付宝－中国铁路网络有限公司,支付宝－中国铁路网络有限公司,中信银行信用卡(5878),成功,,入账日期:2025-01-12,中信银行-已出账单明细-11.xls
2025-01-11 00:00:00,-1490.0,支出,支付宝－中国铁路网络有限公司,支付宝－中国铁路网络有限公司,中信银行信用卡(5878),成功,,入账日期:2025-01-12,中信银行-已出账单明细-11.xls
2025-01-11 00:00:00,-60.0,支出,支付宝－携程旅行网,支付宝－携程旅行网,中信银行信用卡(5878),成功,,入账日期:2025-01-12,中信银行-已出账单明细-11.xls
2025-01-11 00:00:00,-1168.5,支出,支付宝－携程旅行网,支付宝－携程旅行网,中信银行信用卡(5878),成功,,入账日期:2025-01-12,中信银行-已出账单明细-11.xls
2025-01-11 00:00:00,-12.6,支出,支付宝－北京嘀嘀无限科技发展有限公司,支付宝－北京嘀嘀无限科技发展有限公司,中信银行信用卡(5878),成功,,入账日期:2025-01-11,中信银行-已出账单明细-11.xls
2025-01-11 00:00:00,-1490.0,支出,支付宝－中国铁路网络有限公司,支付宝－中国铁路网络有限公司,中信银行信用卡(5878),成功,,入账日期:2025-01-11,中信银行-已出账单明细-11.xls
2025-01-11 00:00:00,-1500.0,支出,支付宝－携程旅行网,支付宝－携程旅行网,中信银行信用卡(5878),成功,,入账日期:2025-01-11,中信银行-已出账单明细-11.xls
2025-01-11 00:00:00,-426.0,支出,支付宝-上海顺途科技有限公司,支付宝-上海顺途科技有限公司,中信银行信用卡(5878),成功,,入账日期:2025-01-11,中信银行-已出账单明细-11.xls
2025-01-11 00:00:00,-1228.5,支出,支付宝－携程旅行网,支付宝－携程旅行网,中信银行信用卡(5878),成功,,入账日期:2025-01-11,中信银行-已出账单明细-11.xls
2025-01-11 00:00:00,-1228.5,支出,支付宝－携程旅行网,支付宝－携程旅行网,中信银行信用卡(5878),成功,,入账日期:2025-01-11,中信银行-已出账单明细-11.xls
2025-01-11 00:00:00,-1228.5,支出,支付宝－携程旅行网,支付宝－携程旅行网,中信银行信用卡(5878),成功,,入账日期:2025-01-11,中信银行-已出账单明细-11.xls
2025-01-11 00:00:00,-426.0,支出,支付宝－上海顺途科技有限公司,支付宝－上海顺途科技有限公司,中信银行信用卡(5878),成功,,入账日期:2025-01-11,中信银行-已出账单明细-11.xls
2025-01-10 00:00:00,-752.5,支出,支付宝-携程旅行网,支付宝-携程旅行网,中信银行信用卡(5878),成功,,入账日期:2025-01-11,中信银行-已出账单明细-11.xls
2025-01-10 00:00:00,-80.0,支出,财付通－串小耶四方坪店,财付通－串小耶四方坪店,中信银行信用卡(5878),成功,,入账日期:2025-01-10,中信银行-已出账单明细-11.xls
2025-01-10 00:00:00,-104.0,支出,财付通－串小耶四方坪店,财付通－串小耶四方坪店,中信银行信用卡(5878),成功,,入账日期:2025-01-10,中信银行-已出账单明细-11.xls
2025-01-10 00:00:00,-16.65,支出,支付宝－北京嘀嘀无限科技发展有限公司,支付宝－北京嘀嘀无限科技发展有限公司,中信银行信用卡(5878),成功,,入账日期:2025-01-10,中信银行-已出账单明细-11.xls
2025-01-10 00:00:00,-752.5,支出,支付宝－携程旅行网,支付宝－携程旅行网,中信银行信用卡(5878),成功,,入账日期:2025-01-10,中信银行-已出账单明细-11.xls
2025-01-09 00:00:00,-16.19,支出,支付宝－北京嘀嘀无限科技发展有限公司,支付宝－北京嘀嘀无限科技发展有限公司,中信银行信用卡(5878),成功,,入账日期:2025-01-09,中信银行-已出账单明细-11.xls
2025-01-08 00:00:00,-14.82,支出,支付宝－北京嘀嘀无限科技发展有限公司,支付宝－北京嘀嘀无限科技发展有限公司,中信银行信用卡(5878),成功,,入账日期:2025-01-08,中信银行-已出账单明细-11.xls
2025-01-07 00:00:00,-14.81,支出,支付宝－北京嘀嘀无限科技发展有限公司,支付宝－北京嘀嘀无限科技发展有限公司,中信银行信用卡(5878),成功,,入账日期:2025-01-07,中信银行-已出账单明细-11.xls
2025-01-07 00:00:00,-22.78,支出,支付宝－果然鲜(万科云城店),支付宝－果然鲜(万科云城店),中信银行信用卡(5878),成功,,入账日期:2025-01-07,中信银行-已出账单明细-11.xls
2025-01-07 00:00:00,-14.82,支出,支付宝－北京嘀嘀无限科技发展有限公司,支付宝－北京嘀嘀无限科技发展有限公司,中信银行信用卡(5878),成功,,入账日期:2025-01-07,中信银行-已出账单明细-11.xls
2025-01-06 00:00:00,-16.2,支出,支付宝－广州有家实业有限公司,支付宝－广州有家实业有限公司,中信银行信用卡(5878),成功,,入账日期:2025-01-06,中信银行-已出账单明细-11.xls
2025-01-06 00:00:00,-14.82,支出,支付宝－北京嘀嘀无限科技发展有限公司,支付宝－北京嘀嘀无限科技发展有限公司,中信银行信用卡(5878),成功,,入账日期:2025-01-06,中信银行-已出账单明细-11.xls
2025-01-05 00:00:00,-12.15,支出,支付宝－北京嘀嘀无限科技发展有限公司,支付宝－北京嘀嘀无限科技发展有限公司,中信银行信用卡(5878),成功,,入账日期:2025-01-05,中信银行-已出账单明细-11.xls
2025-01-05 00:00:00,-7.87,支出,支付宝－北京嘀嘀无限科技发展有限公司,支付宝－北京嘀嘀无限科技发展有限公司,中信银行信用卡(5878),成功,,入账日期:2025-01-05,中信银行-已出账单明细-11.xls
2025-01-05 00:00:00,-52.0,支出,支付宝－启东市亿任网络科技有限公司,支付宝－启东市亿任网络科技有限公司,中信银行信用卡(5878),成功,,入账日期:2025-01-05,中信银行-已出账单明细-11.xls
2025-01-04 00:00:00,-102.5,支出,支付宝－成都木趣桶网络科技有限公司,支付宝－成都木趣桶网络科技有限公司,中信银行信用卡(5878),成功,,入账日期:2025-01-04,中信银行-已出账单明细-11.xls
2025-01-03 00:00:00,-16.54,支出,支付宝－北京嘀嘀无限科技发展有限公司,支付宝－北京嘀嘀无限科技发展有限公司,中信银行信用卡(5878),成功,,入账日期:2025-01-03,中信银行-已出账单明细-11.xls
2025-01-03 00:00:00,-3708.28,支出,财付通－南山云城泊寓旗舰店,财付通－南山云城泊寓旗舰店,中信银行信用卡(5878),成功,,入账日期:2025-01-03,中信银行-已出账单明细-11.xls
2025-01-03 00:00:00,-10411.54,支出,网银互联还款2323,网银互联还款2323,中信银行信用卡(5878),成功,,入账日期:2025-01-03,中信银行-已出账单明细-11.xls
2025-01-03 00:00:00,-23.96,支出,支付宝－北京嘀嘀无限科技发展有限公司,支付宝－北京嘀嘀无限科技发展有限公司,中信银行信用卡(5878),成功,,入账日期:2025-01-03,中信银行-已出账单明细-11.xls
2025-01-02 00:00:00,-15.61,支出,支付宝－北京嘀嘀无限科技发展有限公司,支付宝－北京嘀嘀无限科技发展有限公司,中信银行信用卡(5878),成功,,入账日期:2025-01-02,中信银行-已出账单明细-11.xls
2025-01-01 00:00:00,-22.15,支出,支付宝－北京嘀嘀无限科技发展有限公司,支付宝－北京嘀嘀无限科技发展有限公司,中信银行信用卡(5878),成功,,入账日期:2025-01-01,中信银行-已出账单明细-11.xls
2025-01-01 00:00:00,-17.0,支出,财付通－个体西安油泼面,财付通－个体西安油泼面,中信银行信用卡(5878),成功,,入账日期:2025-01-01,中信银行-已出账单明细-11.xls
2025-01-01 00:00:00,-16.0,支出,财付通－蜜雪冰城,财付通－蜜雪冰城,中信银行信用卡(5878),成功,,入账日期:2025-01-01,中信银行-已出账单明细-11.xls
2025-01-01 00:00:00,-12.0,支出,财付通－山东杂粮煎饼德雅路店,财付通－山东杂粮煎饼德雅路店,中信银行信用卡(5878),成功,,入账日期:2025-01-01,中信银行-已出账单明细-11.xls
2025-01-01 00:00:00,-25.18,支出,支付宝－北京嘀嘀无限科技发展有限公司,支付宝－北京嘀嘀无限科技发展有限公司,中信银行信用卡(5878),成功,,入账日期:2025-01-01,中信银行-已出账单明细-11.xls
2025-01-01 00:00:00,-10.0,支出,支付宝－CHINA MOBILE INTERNATIONAL LIMITED,支付宝－CHINA MOBILE INTERNATIONAL LIMITED,中信银行信用卡(5878),成功,,入账日期:2025-01-01,中信银行-已出账单明细-11.xls
2025-01-01 00:00:00,-70.96,支出,支付宝－北京嘀嘀无限科技发展有限公司,支付宝－北京嘀嘀无限科技发展有限公司,中信银行信用卡(5878),成功,,入账日期:2025-01-01,中信银行-已出账单明细-11.xls
2024-12-31 00:00:00,-429.0,支出,支付宝－深圳市潮合黄牛肉火锅店,支付宝－深圳市潮合黄牛肉火锅店,中信银行信用卡(5878),成功,,入账日期:2024-12-31,中信银行-已出账单明细-11.xls
2024-12-31 00:00:00,-12.23,支出,支付宝－北京嘀嘀无限科技发展有限公司,支付宝－北京嘀嘀无限科技发展有限公司,中信银行信用卡(5878),成功,,入账日期:2024-12-31,中信银行-已出账单明细-11.xls
2024-12-31 00:00:00,-88.64,支出,"支付宝－STRIPE PAYMENTS EUROPE, LIMITED","支付宝－STRIPE PAYMENTS EUROPE, LIMITED",中信银行信用卡(5878),成功,,入账日期:2024-12-31,中信银行-已出账单明细-11.xls
2024-12-30 00:00:00,-20.0,支出,支付宝－深圳市凯路创新科技有限公司,支付宝－深圳市凯路创新科技有限公司,中信银行信用卡(5878),成功,,入账日期:2024-12-30,中信银行-已出账单明细-11.xls
2024-12-30 00:00:00,-12.9,支出,支付宝－上海格物致品网络科技有限公司,支付宝－上海格物致品网络科技有限公司,中信银行信用卡(5878),成功,,入账日期:2024-12-30,中信银行-已出账单明细-11.xls
2024-12-30 00:00:00,-15.9,支出,支付宝－上海格物致品网络科技有限公司,支付宝－上海格物致品网络科技有限公司,中信银行信用卡(5878),成功,,入账日期:2024-12-30,中信银行-已出账单明细-11.xls
2024-12-30 00:00:00,-13.08,支出,支付宝－北京嘀嘀无限科技发展有限公司,支付宝－北京嘀嘀无限科技发展有限公司,中信银行信用卡(5878),成功,,入账日期:2024-12-30,中信银行-已出账单明细-11.xls
2024-12-29 00:00:00,-10.78,支出,支付宝－成都零食有鸣商业管理有限公司,支付宝－成都零食有鸣商业管理有限公司,中信银行信用卡(5878),成功,,入账日期:2024-12-29,中信银行-已出账单明细-11.xls
2024-12-29 00:00:00,-17.72,支出,支付宝－北京嘀嘀无限科技发展有限公司,支付宝－北京嘀嘀无限科技发展有限公司,中信银行信用卡(5878),成功,,入账日期:2024-12-29,中信银行-已出账单明细-11.xls
2024-12-29 00:00:00,-16.38,支出,支付宝－北京嘀嘀无限科技发展有限公司,支付宝－北京嘀嘀无限科技发展有限公司,中信银行信用卡(5878),成功,,入账日期:2024-12-29,中信银行-已出账单明细-11.xls
2024-12-29 00:00:00,-31.6,支出,支付宝－北京嘀嘀无限科技发展有限公司,支付宝－北京嘀嘀无限科技发展有限公司,中信银行信用卡(5878),成功,,入账日期:2024-12-29,中信银行-已出账单明细-11.xls
2024-12-28 00:00:00,-12.5,支出,支付宝－天津三快信息技术有限公司,支付宝－天津三快信息技术有限公司,中信银行信用卡(5878),成功,,入账日期:2024-12-28,中信银行-已出账单明细-11.xls
2024-12-28 00:00:00,-12.0,支出,支付宝－胡辣壳面庄,支付宝－胡辣壳面庄,中信银行信用卡(5878),成功,,入账日期:2024-12-28,中信银行-已出账单明细-11.xls
2024-12-28 00:00:00,-400.0,支出,支付宝－深圳市福田区强腾潮汕美食,支付宝－深圳市福田区强腾潮汕美食,中信银行信用卡(5878),成功,,入账日期:2024-12-28,中信银行-已出账单明细-11.xls
2024-12-27 00:00:00,-10.0,支出,支付宝－深圳市凯路创新科技有限公司,支付宝－深圳市凯路创新科技有限公司,中信银行信用卡(5878),成功,,入账日期:2024-12-27,中信银行-已出账单明细-11.xls
2024-12-27 00:00:00,-17.9,支出,支付宝－上海哈啰普惠科技有限公司,支付宝－上海哈啰普惠科技有限公司,中信银行信用卡(5878),成功,,入账日期:2024-12-27,中信银行-已出账单明细-11.xls
2024-12-27 00:00:00,-26.96,支出,支付宝－北京嘀嘀无限科技发展有限公司,支付宝－北京嘀嘀无限科技发展有限公司,中信银行信用卡(5878),成功,,入账日期:2024-12-27,中信银行-已出账单明细-11.xls
2024-12-27 00:00:00,-15.95,支出,支付宝－北京嘀嘀无限科技发展有限公司,支付宝－北京嘀嘀无限科技发展有限公司,中信银行信用卡(5878),成功,,入账日期:2024-12-27,中信银行-已出账单明细-11.xls
2024-12-26 00:00:00,-2.0,支出,支付宝－无锡小净共享网络科技有限公司,支付宝－无锡小净共享网络科技有限公司,中信银行信用卡(5878),成功,,入账日期:2024-12-26,中信银行-已出账单明细-11.xls
2024-12-26 00:00:00,-200.0,支出,财付通－中国人民解放军广州第一收缴户,财付通－中国人民解放军广州第一收缴户,中信银行信用卡(5878),成功,,入账日期:2024-12-26,中信银行-已出账单明细-11.xls
2024-12-26 00:00:00,-29.9,支出,支付宝－北京三快在线科技有限公司,支付宝－北京三快在线科技有限公司,中信银行信用卡(5878),成功,,入账日期:2024-12-26,中信银行-已出账单明细-11.xls
2024-12-26 00:00:00,-15.98,支出,支付宝－温州市龙湾蒲州启昊电子商务商行,支付宝－温州市龙湾蒲州启昊电子商务商行,中信银行信用卡(5878),成功,,入账日期:2024-12-26,中信银行-已出账单明细-11.xls
2024-12-26 00:00:00,-15.95,支出,支付宝－北京嘀嘀无限科技发展有限公司,支付宝－北京嘀嘀无限科技发展有限公司,中信银行信用卡(5878),成功,,入账日期:2024-12-26,中信银行-已出账单明细-11.xls
2024-12-25 00:00:00,-14.08,支出,支付宝－北京嘀嘀无限科技发展有限公司,支付宝－北京嘀嘀无限科技发展有限公司,中信银行信用卡(5878),成功,,入账日期:2024-12-25,中信银行-已出账单明细-11.xls
2024-12-24 00:00:00,-14.9,支出,支付宝－广州有家实业有限公司,支付宝－广州有家实业有限公司,中信银行信用卡(5878),成功,,入账日期:2024-12-24,中信银行-已出账单明细-11.xls
2024-12-24 00:00:00,-15.95,支出,支付宝－北京嘀嘀无限科技发展有限公司,支付宝－北京嘀嘀无限科技发展有限公司,中信银行信用卡(5878),成功,,入账日期:2024-12-24,中信银行-已出账单明细-11.xls
2024-12-23 00:00:00,-1865.0,支出,财付通－平安健康保险股份有限公司,财付通－平安健康保险股份有限公司,中信银行信用卡(5878),成功,,入账日期:2024-12-23,中信银行-已出账单明细-11.xls
2024-12-23 00:00:00,-14.94,支出,支付宝－北京嘀嘀无限科技发展有限公司,支付宝－北京嘀嘀无限科技发展有限公司,中信银行信用卡(5878),成功,,入账日期:2024-12-23,中信银行-已出账单明细-11.xls
2024-12-22 00:00:00,-17.02,支出,支付宝－北京嘀嘀无限科技发展有限公司,支付宝－北京嘀嘀无限科技发展有限公司,中信银行信用卡(5878),成功,,入账日期:2024-12-22,中信银行-已出账单明细-11.xls
2024-12-22 00:00:00,-657.2,支出,支付宝－飒拉商业(上海)有限公司,支付宝－飒拉商业(上海)有限公司,中信银行信用卡(5878),成功,,入账日期:2024-12-22,中信银行-已出账单明细-11.xls
2024-12-22 00:00:00,-17.84,支出,支付宝－高德打车,支付宝－高德打车,中信银行信用卡(5878),成功,,入账日期:2024-12-22,中信银行-已出账单明细-11.xls
2024-12-22 00:00:00,-25.0,支出,财付通－吴太和鲍汁黄焖鸡长沙德雅路科大东门店,财付通－吴太和鲍汁黄焖鸡长沙德雅路科大东门店,中信银行信用卡(5878),成功,,入账日期:2024-12-22,中信银行-已出账单明细-11.xls
2024-12-21 00:00:00,-18.0,支出,财付通－紫苏云科技,财付通－紫苏云科技,中信银行信用卡(5878),成功,,入账日期:2024-12-21,中信银行-已出账单明细-11.xls
2024-12-21 00:00:00,-46.2,支出,财付通－美团,财付通－美团,中信银行信用卡(5878),成功,,入账日期:2024-12-21,中信银行-已出账单明细-11.xls
2024-12-21 00:00:00,-7.0,支出,财付通－蜜雪冰城,财付通－蜜雪冰城,中信银行信用卡(5878),成功,,入账日期:2024-12-21,中信银行-已出账单明细-11.xls
2024-12-21 00:00:00,-14.0,支出,财付通－山东杂粮煎饼德雅路店,财付通－山东杂粮煎饼德雅路店,中信银行信用卡(5878),成功,,入账日期:2024-12-21,中信银行-已出账单明细-11.xls
2024-12-21 00:00:00,-31.0,支出,财付通－深圳金拱门食品有限公司,财付通－深圳金拱门食品有限公司,中信银行信用卡(5878),成功,,入账日期:2024-12-21,中信银行-已出账单明细-11.xls
2024-12-20 00:00:00,-15.6,支出,财付通－饿了么,财付通－饿了么,中信银行信用卡(5878),成功,,入账日期:2024-12-20,中信银行-已出账单明细-11.xls
2024-12-20 00:00:00,-9.0,支出,支付宝－广州有家实业有限公司,支付宝－广州有家实业有限公司,中信银行信用卡(5878),成功,,入账日期:2024-12-20,中信银行-已出账单明细-11.xls
2024-12-20 00:00:00,-32.0,支出,财付通－饿了么,财付通－饿了么,中信银行信用卡(5878),成功,,入账日期:2024-12-20,中信银行-已出账单明细-11.xls
2024-12-20 00:00:00,-8.5,支出,财付通－绵阳科创区虹苑仓储经营部,财付通－绵阳科创区虹苑仓储经营部,中信银行信用卡(5878),成功,,入账日期:2024-12-20,中信银行-已出账单明细-11.xls
2024-12-20 00:00:00,-20.9,支出,财付通－美团平台商户,财付通－美团平台商户,中信银行信用卡(5878),成功,,入账日期:2024-12-20,中信银行-已出账单明细-11.xls
2024-12-20 00:00:00,-22.27,支出,支付宝－北京嘀嘀无限科技发展有限公司,支付宝－北京嘀嘀无限科技发展有限公司,中信银行信用卡(5878),成功,,入账日期:2024-12-20,中信银行-已出账单明细-11.xls
2024-12-19 00:00:00,-25.18,支出,财付通－七炭烧烤·宵夜·团建（西丽店）,财付通－七炭烧烤·宵夜·团建（西丽店）,中信银行信用卡(5878),成功,,入账日期:2024-12-19,中信银行-已出账单明细-11.xls
2024-12-19 00:00:00,-10.0,支出,财付通－快乐购超市科创园区店,财付通－快乐购超市科创园区店,中信银行信用卡(5878),成功,,入账日期:2024-12-19,中信银行-已出账单明细-11.xls
2024-12-19 00:00:00,-18.3,支出,财付通－收款类-S1-公司餐厅消费系统充值,财付通－收款类-S1-公司餐厅消费系统充值,中信银行信用卡(5878),成功,,入账日期:2024-12-19,中信银行-已出账单明细-11.xls
2024-12-19 00:00:00,-19.41,支出,支付宝－北京嘀嘀无限科技发展有限公司,支付宝－北京嘀嘀无限科技发展有限公司,中信银行信用卡(5878),成功,,入账日期:2024-12-19,中信银行-已出账单明细-11.xls
2024-12-19 00:00:00,-15.0,支出,财付通－往事清零,财付通－往事清零,中信银行信用卡(5878),成功,,入账日期:2024-12-19,中信银行-已出账单明细-11.xls
2024-12-18 00:00:00,-160.0,支出,财付通－BKT生活旗舰店,财付通－BKT生活旗舰店,中信银行信用卡(5878),成功,,入账日期:2024-12-27,中信银行-已出账单明细-11.xls
2024-12-18 00:00:00,-160.0,支出,财付通－BKT生活旗舰店,财付通－BKT生活旗舰店,中信银行信用卡(5878),成功,,入账日期:2024-12-18,中信银行-已出账单明细-11.xls
2024-12-18 00:00:00,-17.13,支出,支付宝－北京嘀嘀无限科技发展有限公司,支付宝－北京嘀嘀无限科技发展有限公司,中信银行信用卡(5878),成功,,入账日期:2024-12-18,中信银行-已出账单明细-11.xls
2024-12-17 00:00:00,-16.3,支出,支付宝－北京嘀嘀无限科技发展有限公司,支付宝－北京嘀嘀无限科技发展有限公司,中信银行信用卡(5878),成功,,入账日期:2024-12-17,中信银行-已出账单明细-11.xls
2024-12-03 00:00:00,-30.0,支出,财付通－美团平台商户,财付通－美团平台商户,中信银行信用卡(5878),成功,,入账日期:2024-12-22,中信银行-已出账单明细-11.xls
2025-11-10 00:00:00,-24.2,支出,财付通－美团平台商户,财付通－美团平台商户,中信银行信用卡(5878),成功,,入账日期:2025-11-10,中信银行-已出账单明细-2.xls
2025-11-10 00:00:00,-30.0,支出,财付通－滴滴出行,财付通－滴滴出行,中信银行信用卡(5878),成功,,入账日期:2025-11-10,中信银行-已出账单明细-2.xls
2025-11-10 00:00:00,-37.0,支出,财付通－滴滴出行,财付通－滴滴出行,中信银行信用卡(5878),成功,,入账日期:2025-11-10,中信银行-已出账单明细-2.xls
2025-11-09 00:00:00,-30.87,支出,财付通－滴滴出行平台商户,财付通－滴滴出行平台商户,中信银行信用卡(5878),成功,,入账日期:2025-11-09,中信银行-已出账单明细-2.xls
2025-11-09 00:00:00,-27.6,支出,财付通－美团平台商户,财付通－美团平台商户,中信银行信用卡(5878),成功,,入账日期:2025-11-09,中信银行-已出账单明细-2.xls
2025-11-09 00:00:00,-11.4,支出,财付通－美团平台商户,财付通－美团平台商户,中信银行信用卡(5878),成功,,入账日期:2025-11-09,中信银行-已出账单明细-2.xls
2025-11-09 00:00:00,-13.9,支出,财付通－四川金拱门食品有限公司,财付通－四川金拱门食品有限公司,中信银行信用卡(5878),成功,,入账日期:2025-11-09,中信银行-已出账单明细-2.xls
2025-11-09 00:00:00,-33.45,支出,财付通－美团平台商户,财付通－美团平台商户,中信银行信用卡(5878),成功,,入账日期:2025-11-09,中信银行-已出账单明细-2.xls
2025-11-09 00:00:00,-17.0,支出,财付通－美团平台商户,财付通－美团平台商户,中信银行信用卡(5878),成功,,入账日期:2025-11-09,中信银行-已出账单明细-2.xls
2025-11-09 00:00:00,-23.47,支出,财付通－滴滴出行,财付通－滴滴出行,中信银行信用卡(5878),成功,,入账日期:2025-11-09,中信银行-已出账单明细-2.xls
2025-11-09 00:00:00,-39.8,支出,财付通－滴滴出行,财付通－滴滴出行,中信银行信用卡(5878),成功,,入账日期:2025-11-09,中信银行-已出账单明细-2.xls
2025-11-08 00:00:00,-19.7,支出,财付通－美团平台商户,财付通－美团平台商户,中信银行信用卡(5878),成功,,入账日期:2025-11-08,中信银行-已出账单明细-2.xls
2025-11-08 00:00:00,-18.7,支出,财付通－美团平台商户,财付通－美团平台商户,中信银行信用卡(5878),成功,,入账日期:2025-11-08,中信银行-已出账单明细-2.xls
2025-11-08 00:00:00,-25.61,支出,财付通－滴滴出行,财付通－滴滴出行,中信银行信用卡(5878),成功,,入账日期:2025-11-08,中信银行-已出账单明细-2.xls
2025-11-08 00:00:00,-31.9,支出,财付通－美团平台商户,财付通－美团平台商户,中信银行信用卡(5878),成功,,入账日期:2025-11-08,中信银行-已出账单明细-2.xls
2025-11-08 00:00:00,-45.9,支出,财付通－美团平台商户,财付通－美团平台商户,中信银行信用卡(5878),成功,,入账日期:2025-11-08,中信银行-已出账单明细-2.xls
2025-11-08 00:00:00,-26.1,支出,财付通－美团平台商户,财付通－美团平台商户,中信银行信用卡(5878),成功,,入账日期:2025-11-08,中信银行-已出账单明细-2.xls
2025-11-08 00:00:00,-6.0,支出,财付通－滴滴出行,财付通－滴滴出行,中信银行信用卡(5878),成功,,入账日期:2025-11-08,中信银行-已出账单明细-2.xls
2025-11-08 00:00:00,-1.0,支出,财付通－美团平台商户,财付通－美团平台商户,中信银行信用卡(5878),成功,,入账日期:2025-11-08,中信银行-已出账单明细-2.xls
2025-11-08 00:00:00,-36.9,支出,财付通－上海金拱门食品有限公司,财付通－上海金拱门食品有限公司,中信银行信用卡(5878),成功,,入账日期:2025-11-08,中信银行-已出账单明细-2.xls
2025-11-08 00:00:00,-15.0,支出,财付通－滴滴出行,财付通－滴滴出行,中信银行信用卡(5878),成功,,入账日期:2025-11-08,中信银行-已出账单明细-2.xls
2025-11-08 00:00:00,-10.3,支出,财付通－高德打车,财付通－高德打车,中信银行信用卡(5878),成功,,入账日期:2025-11-08,中信银行-已出账单明细-2.xls
2025-11-07 00:00:00,-7.2,支出,财付通－高德打车,财付通－高德打车,中信银行信用卡(5878),成功,,入账日期:2025-11-07,中信银行-已出账单明细-2.xls
2025-11-07 00:00:00,-238.0,支出,财付通－美团平台商户,财付通－美团平台商户,中信银行信用卡(5878),成功,,入账日期:2025-11-07,中信银行-已出账单明细-2.xls
2025-11-06 00:00:00,-34.9,支出,财付通－滴滴出行,财付通－滴滴出行,中信银行信用卡(5878),成功,,入账日期:2025-11-06,中信银行-已出账单明细-2.xls
2025-11-06 00:00:00,-4.0,支出,财付通－益多多便利店,财付通－益多多便利店,中信银行信用卡(5878),成功,,入账日期:2025-11-06,中信银行-已出账单明细-2.xls
2025-11-06 00:00:00,-29.45,支出,财付通－美团平台商户,财付通－美团平台商户,中信银行信用卡(5878),成功,,入账日期:2025-11-06,中信银行-已出账单明细-2.xls
2025-11-06 00:00:00,-21.0,支出,财付通－美团平台商户,财付通－美团平台商户,中信银行信用卡(5878),成功,,入账日期:2025-11-06,中信银行-已出账单明细-2.xls
2025-11-06 00:00:00,-54.01,支出,财付通－滴滴出行,财付通－滴滴出行,中信银行信用卡(5878),成功,,入账日期:2025-11-06,中信银行-已出账单明细-2.xls
2025-11-05 00:00:00,-25.0,支出,财付通－美团平台商户,财付通－美团平台商户,中信银行信用卡(5878),成功,,入账日期:2025-11-05,中信银行-已出账单明细-2.xls
2025-11-05 00:00:00,-20.5,支出,财付通－美团平台商户,财付通－美团平台商户,中信银行信用卡(5878),成功,,入账日期:2025-11-05,中信银行-已出账单明细-2.xls
2025-11-05 00:00:00,-23.3,支出,财付通－美团平台商户,财付通－美团平台商户,中信银行信用卡(5878),成功,,入账日期:2025-11-05,中信银行-已出账单明细-2.xls
2025-10-13 00:00:00,-10000.0,支出,财付通还款,财付通还款,中信银行信用卡(5878),成功,,入账日期:2025-10-13,中信银行-已出账单明细-2.xls
2025-10-08 00:00:00,-100.0,支出,财付通－西部乐巢,财付通－西部乐巢,中信银行信用卡(5878),成功,,入账日期:2025-10-08,中信银行-已出账单明细-2.xls
2025-10-08 00:00:00,-280.0,支出,财付通－天津货拉拉科技有限公司,财付通－天津货拉拉科技有限公司,中信银行信用卡(5878),成功,,入账日期:2025-10-08,中信银行-已出账单明细-2.xls
2025-10-07 00:00:00,-20.8,支出,财付通－成都罗森便利店,财付通－成都罗森便利店,中信银行信用卡(5878),成功,,入账日期:2025-10-07,中信银行-已出账单明细-2.xls
2025-10-07 00:00:00,-11.0,支出,财付通－喜茶-上海,财付通－喜茶-上海,中信银行信用卡(5878),成功,,入账日期:2025-10-07,中信银行-已出账单明细-2.xls
2025-10-07 00:00:00,-16.0,支出,财付通－喜茶-上海,财付通－喜茶-上海,中信银行信用卡(5878),成功,,入账日期:2025-10-07,中信银行-已出账单明细-2.xls
2025-10-07 00:00:00,-114.2,支出,支付宝－北京三快在线科技有限公司,支付宝－北京三快在线科技有限公司,中信银行信用卡(5878),成功,,入账日期:2025-10-07,中信银行-已出账单明细-2.xls
2025-10-07 00:00:00,-38.0,支出,支付宝－上海华铁旅客服务有限公司,支付宝－上海华铁旅客服务有限公司,中信银行信用卡(5878),成功,,入账日期:2025-10-07,中信银行-已出账单明细-2.xls
2025-10-07 00:00:00,-152.0,支出,支付宝－北京三快在线科技有限公司,支付宝－北京三快在线科技有限公司,中信银行信用卡(5878),成功,,入账日期:2025-10-07,中信银行-已出账单明细-2.xls
2025-10-07 00:00:00,-15.5,支出,支付宝－滴滴出行科技有限公司,支付宝－滴滴出行科技有限公司,中信银行信用卡(5878),成功,,入账日期:2025-10-07,中信银行-已出账单明细-2.xls
2025-10-06 00:00:00,-20.0,支出,支付宝－商户_李延召,支付宝－商户_李延召,中信银行信用卡(5878),成功,,入账日期:2025-10-06,中信银行-已出账单明细-2.xls
2025-10-06 00:00:00,-100.0,支出,财付通－地摊火锅,财付通－地摊火锅,中信银行信用卡(5878),成功,,入账日期:2025-10-06,中信银行-已出账单明细-2.xls
2025-10-06 00:00:00,-447.7,支出,支付宝－北京宜宾招待所（南翠花街店）,支付宝－北京宜宾招待所（南翠花街店）,中信银行信用卡(5878),成功,,入账日期:2025-10-06,中信银行-已出账单明细-2.xls
2025-10-06 00:00:00,-9.0,支出,财付通－许衍强,财付通－许衍强,中信银行信用卡(5878),成功,,入账日期:2025-10-06,中信银行-已出账单明细-2.xls
2025-10-06 00:00:00,-14.0,支出,财付通－快乐咖啡商店,财付通－快乐咖啡商店,中信银行信用卡(5878),成功,,入账日期:2025-10-06,中信银行-已出账单明细-2.xls
2025-10-06 00:00:00,-175.0,支出,支付宝－中国铁路网络有限公司,支付宝－中国铁路网络有限公司,中信银行信用卡(5878),成功,,入账日期:2025-10-06,中信银行-已出账单明细-2.xls
2025-10-06 00:00:00,-7.0,支出,支付宝－武汉小麦便利科技有限公司,支付宝－武汉小麦便利科技有限公司,中信银行信用卡(5878),成功,,入账日期:2025-10-06,中信银行-已出账单明细-2.xls
2025-10-06 00:00:00,-38.0,支出,支付宝－内蒙古大青山前坡文化旅游投资发展有限公司,支付宝－内蒙古大青山前坡文化旅游投资发展有限公司,中信银行信用卡(5878),成功,,入账日期:2025-10-06,中信银行-已出账单明细-2.xls
2025-10-06 00:00:00,-57.0,支出,支付宝－上海携程国际旅行社有限公司,支付宝－上海携程国际旅行社有限公司,中信银行信用卡(5878),成功,,入账日期:2025-10-06,中信银行-已出账单明细-2.xls
2025-10-06 00:00:00,-168.0,支出,支付宝－新城区青水瓦台养生馆,支付宝－新城区青水瓦台养生馆,中信银行信用卡(5878),成功,,入账日期:2025-10-06,中信银行-已出账单明细-2.xls
2025-10-05 00:00:00,-143.0,支出,支付宝-携程旅行网,支付宝-携程旅行网,中信银行信用卡(5878),成功,,入账日期:2025-10-06,中信银行-已出账单明细-2.xls
2025-10-05 00:00:00,-10.0,支出,支付宝－回民区橙果日用百货经销部,支付宝－回民区橙果日用百货经销部,中信银行信用卡(5878),成功,,入账日期:2025-10-05,中信银行-已出账单明细-2.xls
2025-10-05 00:00:00,-25.5,支出,支付宝－天津舒行科技有限公司,支付宝－天津舒行科技有限公司,中信银行信用卡(5878),成功,,入账日期:2025-10-05,中信银行-已出账单明细-2.xls
2025-10-05 00:00:00,-13.9,支出,支付宝－金拱门（中国）有限公司,支付宝－金拱门（中国）有限公司,中信银行信用卡(5878),成功,,入账日期:2025-10-05,中信银行-已出账单明细-2.xls
2025-10-05 00:00:00,-133.0,支出,支付宝－上海携程国际旅行社有限公司,支付宝－上海携程国际旅行社有限公司,中信银行信用卡(5878),成功,,入账日期:2025-10-05,中信银行-已出账单明细-2.xls
2025-10-05 00:00:00,-14.83,支出,支付宝－滴滴出行科技有限公司,支付宝－滴滴出行科技有限公司,中信银行信用卡(5878),成功,,入账日期:2025-10-05,中信银行-已出账单明细-2.xls
2025-10-05 00:00:00,-675.0,支出,支付宝－携程旅行网,支付宝－携程旅行网,中信银行信用卡(5878),成功,,入账日期:2025-10-05,中信银行-已出账单明细-2.xls
2025-10-05 00:00:00,-206.0,支出,支付宝－携程旅行网,支付宝－携程旅行网,中信银行信用卡(5878),成功,,入账日期:2025-10-05,中信银行-已出账单明细-2.xls
2025-10-05 00:00:00,-15.0,支出,财付通－内蒙古润隆餐饮管理有限公司,财付通－内蒙古润隆餐饮管理有限公司,中信银行信用卡(5878),成功,,入账日期:2025-10-05,中信银行-已出账单明细-2.xls
2025-10-05 00:00:00,-51.0,支出,支付宝－中国铁路网络有限公司,支付宝－中国铁路网络有限公司,中信银行信用卡(5878),成功,,入账日期:2025-10-05,中信银行-已出账单明细-2.xls
2025-10-05 00:00:00,-20.0,支出,财付通－小朋友,财付通－小朋友,中信银行信用卡(5878),成功,,入账日期:2025-10-05,中信银行-已出账单明细-2.xls
2025-10-05 00:00:00,-11.11,支出,支付宝－上海拉扎斯信息科技有限公司,支付宝－上海拉扎斯信息科技有限公司,中信银行信用卡(5878),成功,,入账日期:2025-10-05,中信银行-已出账单明细-2.xls
2025-10-05 00:00:00,-30.0,支出,财付通－仙沙岛川味快餐,财付通－仙沙岛川味快餐,中信银行信用卡(5878),成功,,入账日期:2025-10-05,中信银行-已出账单明细-2.xls
2025-10-05 00:00:00,-26.0,支出,支付宝－茶百道鄂尔多斯达拉特旗响沙湾店,支付宝－茶百道鄂尔多斯达拉特旗响沙湾店,中信银行信用卡(5878),成功,,入账日期:2025-10-05,中信银行-已出账单明细-2.xls
2025-10-05 00:00:00,-158.0,支出,支付宝－汉庭星空(上海)酒店管理有限公司,支付宝－汉庭星空(上海)酒店管理有限公司,中信银行信用卡(5878),成功,,入账日期:2025-10-05,中信银行-已出账单明细-2.xls
2025-10-04 00:00:00,-68.0,支出,财付通－iCloud 由云上贵州运营,财付通－iCloud 由云上贵州运营,中信银行信用卡(5878),成功,,入账日期:2025-10-04,中信银行-已出账单明细-2.xls
2025-10-04 00:00:00,-22.0,支出,财付通－510Coffee,财付通－510Coffee,中信银行信用卡(5878),成功,,入账日期:2025-10-04,中信银行-已出账单明细-2.xls
2025-10-04 00:00:00,-19.7,支出,财付通－四川联通,财付通－四川联通,中信银行信用卡(5878),成功,,入账日期:2025-10-04,中信银行-已出账单明细-2.xls
2025-10-03 00:00:00,-34.9,支出,财付通－美团平台商户,财付通－美团平台商户,中信银行信用卡(5878),成功,,入账日期:2025-10-03,中信银行-已出账单明细-2.xls
2025-10-03 00:00:00,-35.11,支出,财付通－北京麦当劳食品有限公司,财付通－北京麦当劳食品有限公司,中信银行信用卡(5878),成功,,入账日期:2025-10-03,中信银行-已出账单明细-2.xls
2025-10-02 00:00:00,-25.0,支出,财付通－https://www.apple.co,财付通－https://www.apple.co,中信银行信用卡(5878),成功,,入账日期:2025-10-02,中信银行-已出账单明细-2.xls
2025-10-02 00:00:00,-31.0,支出,支付宝－金拱门（中国）有限公司,支付宝－金拱门（中国）有限公司,中信银行信用卡(5878),成功,,入账日期:2025-10-02,中信银行-已出账单明细-2.xls
2025-10-02 00:00:00,-832.0,支出,支付宝－中国铁路网络有限公司,支付宝－中国铁路网络有限公司,中信银行信用卡(5878),成功,,入账日期:2025-10-02,中信银行-已出账单明细-2.xls
2025-10-02 00:00:00,-319.0,支出,支付宝－中国铁路网络有限公司,支付宝－中国铁路网络有限公司,中信银行信用卡(5878),成功,,入账日期:2025-10-02,中信银行-已出账单明细-2.xls
2025-10-02 00:00:00,-453.0,支出,支付宝-中国铁路网络有限公司,支付宝-中国铁路网络有限公司,中信银行信用卡(5878),成功,,入账日期:2025-10-02,中信银行-已出账单明细-2.xls
2025-10-02 00:00:00,-832.0,支出,支付宝－中国铁路网络有限公司,支付宝－中国铁路网络有限公司,中信银行信用卡(5878),成功,,入账日期:2025-10-02,中信银行-已出账单明细-2.xls
2025-10-02 00:00:00,-348.0,支出,支付宝－中国铁路网络有限公司,支付宝－中国铁路网络有限公司,中信银行信用卡(5878),成功,,入账日期:2025-10-02,中信银行-已出账单明细-2.xls
2025-10-02 00:00:00,-453.0,支出,支付宝－中国铁路网络有限公司,支付宝－中国铁路网络有限公司,中信银行信用卡(5878),成功,,入账日期:2025-10-02,中信银行-已出账单明细-2.xls
2025-10-02 00:00:00,-12.0,支出,财付通－贝果大饭店,财付通－贝果大饭店,中信银行信用卡(5878),成功,,入账日期:2025-10-02,中信银行-已出账单明细-2.xls
2025-10-02 00:00:00,-319.0,支出,支付宝－中国铁路网络有限公司,支付宝－中国铁路网络有限公司,中信银行信用卡(5878),成功,,入账日期:2025-10-02,中信银行-已出账单明细-2.xls
2025-10-02 00:00:00,-348.0,支出,支付宝－中国铁路网络有限公司,支付宝－中国铁路网络有限公司,中信银行信用卡(5878),成功,,入账日期:2025-10-02,中信银行-已出账单明细-2.xls
2025-10-02 00:00:00,-10892.9,支出,财付通－西部乐巢,财付通－西部乐巢,中信银行信用卡(5878),成功,,入账日期:2025-10-02,中信银行-已出账单明细-2.xls
2025-10-02 00:00:00,-29.8,支出,支付宝－云阿蛮云南生烫牛肉米线太平洋森活天地店,支付宝－云阿蛮云南生烫牛肉米线太平洋森活天地店,中信银行信用卡(5878),成功,,入账日期:2025-10-02,中信银行-已出账单明细-2.xls
2025-10-02 00:00:00,-29.9,支出,支付宝－上海水裹汤泉酒店,支付宝－上海水裹汤泉酒店,中信银行信用卡(5878),成功,,入账日期:2025-10-02,中信银行-已出账单明细-2.xls
2025-10-01 00:00:00,-43.0,支出,支付宝－天津舒行科技有限公司,支付宝－天津舒行科技有限公司,中信银行信用卡(5878),成功,,入账日期:2025-10-01,中信银行-已出账单明细-2.xls
2025-10-01 00:00:00,-14.0,支出,支付宝－百胜咨询(上海)有限公司,支付宝－百胜咨询(上海)有限公司,中信银行信用卡(5878),成功,,入账日期:2025-10-01,中信银行-已出账单明细-2.xls
2025-10-01 00:00:00,-10.0,支出,支付宝－中移动金融科技有限公司,支付宝－中移动金融科技有限公司,中信银行信用卡(5878),成功,,入账日期:2025-10-01,中信银行-已出账单明细-2.xls
2025-10-01 00:00:00,-36.8,支出,支付宝－大鼓米线,支付宝－大鼓米线,中信银行信用卡(5878),成功,,入账日期:2025-10-01,中信银行-已出账单明细-2.xls
2025-10-01 00:00:00,-16.48,支出,支付宝－滴滴出行科技有限公司,支付宝－滴滴出行科技有限公司,中信银行信用卡(5878),成功,,入账日期:2025-10-01,中信银行-已出账单明细-2.xls
2025-10-01 00:00:00,-36.0,支出,支付宝－三喜抄手和担担面,支付宝－三喜抄手和担担面,中信银行信用卡(5878),成功,,入账日期:2025-10-01,中信银行-已出账单明细-2.xls
2025-10-01 00:00:00,-17.7,支出,支付宝－滴滴出行科技有限公司,支付宝－滴滴出行科技有限公司,中信银行信用卡(5878),成功,,入账日期:2025-10-01,中信银行-已出账单明细-2.xls
2025-10-01 00:00:00,-15.7,支出,支付宝－滴滴出行科技有限公司,支付宝－滴滴出行科技有限公司,中信银行信用卡(5878),成功,,入账日期:2025-10-01,中信银行-已出账单明细-2.xls
2025-09-30 00:00:00,-6100.0,支出,财付通还款,财付通还款,中信银行信用卡(5878),成功,,入账日期:2025-09-30,中信银行-已出账单明细-2.xls
2025-09-30 00:00:00,-90.0,支出,支付宝－深圳斯贝斯特科技有限公司,支付宝－深圳斯贝斯特科技有限公司,中信银行信用卡(5878),成功,,入账日期:2025-09-30,中信银行-已出账单明细-2.xls
2025-09-29 00:00:00,-13.13,支出,支付宝－上海拉扎斯信息科技有限公司,支付宝－上海拉扎斯信息科技有限公司,中信银行信用卡(5878),成功,,入账日期:2025-09-29,中信银行-已出账单明细-2.xls
2025-09-28 00:00:00,-566.08,支出,支付宝－汉庭星空(上海)酒店管理有限公司,支付宝－汉庭星空(上海)酒店管理有限公司,中信银行信用卡(5878),成功,,入账日期:2025-09-28,中信银行-已出账单明细-2.xls
2025-09-28 00:00:00,-27.8,支出,支付宝－兰州手工牛肉面三一大道店,支付宝－兰州手工牛肉面三一大道店,中信银行信用卡(5878),成功,,入账日期:2025-09-28,中信银行-已出账单明细-2.xls
2025-09-28 00:00:00,-4.0,支出,支付宝－上海昆睿商贸经营部,支付宝－上海昆睿商贸经营部,中信银行信用卡(5878),成功,,入账日期:2025-09-28,中信银行-已出账单明细-2.xls
2025-09-28 00:00:00,-7.2,支出,支付宝－上海哈啰普惠科技有限公司,支付宝－上海哈啰普惠科技有限公司,中信银行信用卡(5878),成功,,入账日期:2025-09-28,中信银行-已出账单明细-2.xls
2025-09-27 00:00:00,-9.0,支出,支付宝－滴滴出行科技有限公司,支付宝－滴滴出行科技有限公司,中信银行信用卡(5878),成功,,入账日期:2025-09-27,中信银行-已出账单明细-2.xls
2025-09-27 00:00:00,-66.75,支出,财付通－健小盾运动营养企业店,财付通－健小盾运动营养企业店,中信银行信用卡(5878),成功,,入账日期:2025-09-27,中信银行-已出账单明细-2.xls
2025-09-27 00:00:00,-50.0,支出,支付宝－中国移动,支付宝－中国移动,中信银行信用卡(5878),成功,,入账日期:2025-09-27,中信银行-已出账单明细-2.xls
2025-09-27 00:00:00,-68.0,支出,支付宝－上汤·云南过桥米线·卤烤（虹桥南丰城店）,支付宝－上汤·云南过桥米线·卤烤（虹桥南丰城店）,中信银行信用卡(5878),成功,,入账日期:2025-09-27,中信银行-已出账单明细-2.xls
2025-09-27 00:00:00,-558.8,支出,支付宝－汉庭星空(上海)酒店管理有限公司,支付宝－汉庭星空(上海)酒店管理有限公司,中信银行信用卡(5878),成功,,入账日期:2025-09-27,中信银行-已出账单明细-2.xls
2025-09-27 00:00:00,-19.9,支出,支付宝－滴滴出行科技有限公司,支付宝－滴滴出行科技有限公司,中信银行信用卡(5878),成功,,入账日期:2025-09-27,中信银行-已出账单明细-2.xls
2025-09-26 00:00:00,-379.0,支出,支付宝－迅销（中国）商贸有限公司,支付宝－迅销（中国）商贸有限公司,中信银行信用卡(5878),成功,,入账日期:2025-09-26,中信银行-已出账单明细-2.xls
2025-09-26 00:00:00,-18.9,支出,支付宝－滴滴出行科技有限公司,支付宝－滴滴出行科技有限公司,中信银行信用卡(5878),成功,,入账日期:2025-09-26,中信银行-已出账单明细-2.xls
2025-09-26 00:00:00,-36.0,支出,支付宝－金拱门（中国）有限公司,支付宝－金拱门（中国）有限公司,中信银行信用卡(5878),成功,,入账日期:2025-09-26,中信银行-已出账单明细-2.xls
2025-09-26 00:00:00,-9.6,支出,支付宝－滴滴出行科技有限公司,支付宝－滴滴出行科技有限公司,中信银行信用卡(5878),成功,,入账日期:2025-09-26,中信银行-已出账单明细-2.xls
2025-09-26 00:00:00,-316.92,支出,支付宝－汉庭星空(上海)酒店管理有限公司,支付宝－汉庭星空(上海)酒店管理有限公司,中信银行信用卡(5878),成功,,入账日期:2025-09-26,中信银行-已出账单明细-2.xls
2025-09-25 00:00:00,-691.72,支出,支付宝－阿里云计算有限公司,支付宝－阿里云计算有限公司,中信银行信用卡(5878),成功,,入账日期:2025-09-25,中信银行-已出账单明细-2.xls
2025-09-25 00:00:00,-10.9,支出,支付宝－浙江天猫供应链管理有限公司,支付宝－浙江天猫供应链管理有限公司,中信银行信用卡(5878),成功,,入账日期:2025-09-25,中信银行-已出账单明细-2.xls
2025-09-25 00:00:00,-148.0,支出,支付宝－上海博剃信息服务有限公司,支付宝－上海博剃信息服务有限公司,中信银行信用卡(5878),成功,,入账日期:2025-09-25,中信银行-已出账单明细-2.xls
2025-09-25 00:00:00,-4.0,支出,支付宝－上海昆睿商贸经营部,支付宝－上海昆睿商贸经营部,中信银行信用卡(5878),成功,,入账日期:2025-09-25,中信银行-已出账单明细-2.xls
2025-09-25 00:00:00,-188.3,支出,支付宝－苏州路能电子商务有限公司,支付宝－苏州路能电子商务有限公司,中信银行信用卡(5878),成功,,入账日期:2025-09-25,中信银行-已出账单明细-2.xls
2025-09-25 00:00:00,-13699.0,支出,财付通－京东商城平台商户,财付通－京东商城平台商户,中信银行信用卡(5878),成功,,入账日期:2025-09-25,中信银行-已出账单明细-2.xls
2025-09-25 00:00:00,-39.9,支出,财付通－拼多多平台商户,财付通－拼多多平台商户,中信银行信用卡(5878),成功,,入账日期:2025-09-25,中信银行-已出账单明细-2.xls
2025-09-24 00:00:00,-9.0,支出,支付宝－上海拉扎斯信息科技有限公司,支付宝－上海拉扎斯信息科技有限公司,中信银行信用卡(5878),成功,,入账日期:2025-09-24,中信银行-已出账单明细-2.xls
2025-09-24 00:00:00,-934.56,支出,支付宝－汉庭星空(上海)酒店管理有限公司,支付宝－汉庭星空(上海)酒店管理有限公司,中信银行信用卡(5878),成功,,入账日期:2025-09-24,中信银行-已出账单明细-2.xls
2025-09-23 00:00:00,-59.69,支出,支付宝－滴滴出行科技有限公司,支付宝－滴滴出行科技有限公司,中信银行信用卡(5878),成功,,入账日期:2025-09-23,中信银行-已出账单明细-2.xls
2025-09-23 00:00:00,-16.9,支出,支付宝－滴滴出行科技有限公司,支付宝－滴滴出行科技有限公司,中信银行信用卡(5878),成功,,入账日期:2025-09-23,中信银行-已出账单明细-2.xls
2025-09-23 00:00:00,-331.0,支出,支付宝－马厂老火锅（三林店）,支付宝－马厂老火锅（三林店）,中信银行信用卡(5878),成功,,入账日期:2025-09-23,中信银行-已出账单明细-2.xls
2025-09-23 00:00:00,-8.5,支出,支付宝－滴滴出行科技有限公司,支付宝－滴滴出行科技有限公司,中信银行信用卡(5878),成功,,入账日期:2025-09-23,中信银行-已出账单明细-2.xls
2025-09-23 00:00:00,-10.8,支出,支付宝－上海罗森便利有限公司,支付宝－上海罗森便利有限公司,中信银行信用卡(5878),成功,,入账日期:2025-09-23,中信银行-已出账单明细-2.xls
2025-09-23 00:00:00,-10.8,支出,支付宝－滴滴出行科技有限公司,支付宝－滴滴出行科技有限公司,中信银行信用卡(5878),成功,,入账日期:2025-09-23,中信银行-已出账单明细-2.xls
2025-09-23 00:00:00,-25.7,支出,支付宝－滴滴出行科技有限公司,支付宝－滴滴出行科技有限公司,中信银行信用卡(5878),成功,,入账日期:2025-09-23,中信银行-已出账单明细-2.xls
2025-09-23 00:00:00,-10.4,支出,支付宝－滴滴出行科技有限公司,支付宝－滴滴出行科技有限公司,中信银行信用卡(5878),成功,,入账日期:2025-09-23,中信银行-已出账单明细-2.xls
2025-09-23 00:00:00,-13.8,支出,支付宝－滴滴出行科技有限公司,支付宝－滴滴出行科技有限公司,中信银行信用卡(5878),成功,,入账日期:2025-09-23,中信银行-已出账单明细-2.xls
2025-09-23 00:00:00,-516.24,支出,支付宝－汉庭星空(上海)酒店管理有限公司,支付宝－汉庭星空(上海)酒店管理有限公司,中信银行信用卡(5878),成功,,入账日期:2025-09-23,中信银行-已出账单明细-2.xls
2025-09-22 00:00:00,-26.43,支出,支付宝－滴滴出行科技有限公司,支付宝－滴滴出行科技有限公司,中信银行信用卡(5878),成功,,入账日期:2025-09-22,中信银行-已出账单明细-2.xls
2025-09-22 00:00:00,-11.11,支出,支付宝－上海拉扎斯信息科技有限公司,支付宝－上海拉扎斯信息科技有限公司,中信银行信用卡(5878),成功,,入账日期:2025-09-22,中信银行-已出账单明细-2.xls
2025-09-21 00:00:00,-49.0,支出,支付宝－滴滴出行科技有限公司,支付宝－滴滴出行科技有限公司,中信银行信用卡(5878),成功,,入账日期:2025-09-21,中信银行-已出账单明细-2.xls
2025-09-21 00:00:00,-692.2,支出,支付宝－汉庭星空(上海)酒店管理有限公司,支付宝－汉庭星空(上海)酒店管理有限公司,中信银行信用卡(5878),成功,,入账日期:2025-09-21,中信银行-已出账单明细-2.xls
2025-09-21 00:00:00,-20.0,支出,支付宝－高德打车,支付宝－高德打车,中信银行信用卡(5878),成功,,入账日期:2025-09-21,中信银行-已出账单明细-2.xls
2025-09-21 00:00:00,-54.93,支出,支付宝－高德打车,支付宝－高德打车,中信银行信用卡(5878),成功,,入账日期:2025-09-21,中信银行-已出账单明细-2.xls
2025-09-21 00:00:00,-6.8,支出,支付宝－广州有家实业有限公司,支付宝－广州有家实业有限公司,中信银行信用卡(5878),成功,,入账日期:2025-09-21,中信银行-已出账单明细-2.xls
2025-09-20 00:00:00,-1.0,支出,支付宝－卡券之家,支付宝－卡券之家,中信银行信用卡(5878),成功,,入账日期:2025-09-20,中信银行-已出账单明细-2.xls
2025-09-20 00:00:00,-5.98,支出,支付宝－顺丰优惠,支付宝－顺丰优惠,中信银行信用卡(5878),成功,,入账日期:2025-09-20,中信银行-已出账单明细-2.xls
2025-09-20 00:00:00,-1.2,支出,支付宝－君安药房万科云城分店,支付宝－君安药房万科云城分店,中信银行信用卡(5878),成功,,入账日期:2025-09-20,中信银行-已出账单明细-2.xls
2025-09-20 00:00:00,-25.3,支出,支付宝－广州有家实业有限公司,支付宝－广州有家实业有限公司,中信银行信用卡(5878),成功,,入账日期:2025-09-20,中信银行-已出账单明细-2.xls
2025-09-18 00:00:00,-28.3,支出,支付宝－上海拉扎斯信息科技有限公司,支付宝－上海拉扎斯信息科技有限公司,中信银行信用卡(5878),成功,,入账日期:2025-09-18,中信银行-已出账单明细-2.xls
2025-09-18 00:00:00,-35.55,支出,支付宝－上海拉扎斯信息科技有限公司,支付宝－上海拉扎斯信息科技有限公司,中信银行信用卡(5878),成功,,入账日期:2025-09-18,中信银行-已出账单明细-2.xls
2025-09-17 00:00:00,-23.0,支出,支付宝－深圳前海全棉时代电子商务有限公司,支付宝－深圳前海全棉时代电子商务有限公司,中信银行信用卡(5878),成功,,入账日期:2025-09-17,中信银行-已出账单明细-2.xls
2025-09-17 00:00:00,-12.12,支出,支付宝－上海拉扎斯信息科技有限公司,支付宝－上海拉扎斯信息科技有限公司,中信银行信用卡(5878),成功,,入账日期:2025-09-17,中信银行-已出账单明细-2.xls
2025-09-15 00:00:00,-4989.71,支出,财付通－南山云城泊寓旗舰店,财付通－南山云城泊寓旗舰店,中信银行信用卡(5878),成功,,入账日期:2025-09-30,中信银行-已出账单明细-2.xls
2025-09-15 00:00:00,-5509.86,支出,财付通－南山云城泊寓旗舰店,财付通－南山云城泊寓旗舰店,中信银行信用卡(5878),成功,,入账日期:2025-09-15,中信银行-已出账单明细-3.xls
2025-09-14 00:00:00,-524.59,支出,财付通－渝月川菜（威新店）,财付通－渝月川菜（威新店）,中信银行信用卡(5878),成功,,入账日期:2025-09-14,中信银行-已出账单明细-3.xls
2025-09-10 00:00:00,-10.0,支出,财付通－广深铁路股份有限公司广州客运段,财付通－广深铁路股份有限公司广州客运段,中信银行信用卡(5878),成功,,入账日期:2025-09-10,中信银行-已出账单明细-3.xls
2025-09-10 00:00:00,-10.0,支出,财付通－广深铁路股份有限公司广州客运段,财付通－广深铁路股份有限公司广州客运段,中信银行信用卡(5878),成功,,入账日期:2025-09-10,中信银行-已出账单明细-3.xls
2025-09-10 00:00:00,-10.0,支出,财付通－广深铁路股份有限公司广州客运段,财付通－广深铁路股份有限公司广州客运段,中信银行信用卡(5878),成功,,入账日期:2025-09-10,中信银行-已出账单明细-3.xls
2025-09-10 00:00:00,-10.0,支出,财付通－广深铁路股份有限公司广州客运段,财付通－广深铁路股份有限公司广州客运段,中信银行信用卡(5878),成功,,入账日期:2025-09-10,中信银行-已出账单明细-3.xls
2025-09-10 00:00:00,-10.0,支出,财付通－广深铁路股份有限公司广州客运段,财付通－广深铁路股份有限公司广州客运段,中信银行信用卡(5878),成功,,入账日期:2025-09-10,中信银行-已出账单明细-3.xls
2025-09-10 00:00:00,-10.0,支出,财付通－广深铁路股份有限公司广州客运段,财付通－广深铁路股份有限公司广州客运段,中信银行信用卡(5878),成功,,入账日期:2025-09-10,中信银行-已出账单明细-3.xls
2025-09-10 00:00:00,-10.0,支出,财付通－广深铁路股份有限公司广州客运段,财付通－广深铁路股份有限公司广州客运段,中信银行信用卡(5878),成功,,入账日期:2025-09-10,中信银行-已出账单明细-3.xls
2025-09-10 00:00:00,-24.0,支出,财付通－CHICA面包研究所,财付通－CHICA面包研究所,中信银行信用卡(5878),成功,,入账日期:2025-09-10,中信银行-已出账单明细-3.xls
2025-09-09 00:00:00,-0.01,支出,财付通－洲际酒店集团,财付通－洲际酒店集团,中信银行信用卡(5878),成功,,入账日期:2025-09-12,中信银行-已出账单明细-3.xls
2025-09-09 00:00:00,-0.01,支出,财付通－洲际酒店集团,财付通－洲际酒店集团,中信银行信用卡(5878),成功,,入账日期:2025-09-12,中信银行-已出账单明细-3.xls
2025-09-09 00:00:00,-55.25,支出,财付通－深圳市致远创想科技有限公司,财付通－深圳市致远创想科技有限公司,中信银行信用卡(5878),成功,,入账日期:2025-09-09,中信银行-已出账单明细-3.xls
2025-09-09 00:00:00,-31.2,支出,财付通－深圳金拱门食品有限公司,财付通－深圳金拱门食品有限公司,中信银行信用卡(5878),成功,,入账日期:2025-09-09,中信银行-已出账单明细-3.xls
2025-09-09 00:00:00,-336.84,支出,财付通－洲际酒店集团,财付通－洲际酒店集团,中信银行信用卡(5878),成功,,入账日期:2025-09-09,中信银行-已出账单明细-3.xls
2025-09-09 00:00:00,-336.84,支出,财付通－洲际酒店集团,财付通－洲际酒店集团,中信银行信用卡(5878),成功,,入账日期:2025-09-09,中信银行-已出账单明细-3.xls
2025-09-06 00:00:00,-589.44,支出,财付通－南山云城泊寓旗舰店,财付通－南山云城泊寓旗舰店,中信银行信用卡(5878),成功,,入账日期:2025-09-06,中信银行-已出账单明细-3.xls
2025-09-05 00:00:00,-35.2,支出,支付宝-董梦琪,支付宝-董梦琪,中信银行信用卡(5878),成功,,入账日期:2025-09-10,中信银行-已出账单明细-3.xls
2025-09-05 00:00:00,-63.2,支出,支付宝-董梦琪,支付宝-董梦琪,中信银行信用卡(5878),成功,,入账日期:2025-09-09,中信银行-已出账单明细-3.xls
2025-09-05 00:00:00,-98.4,支出,支付宝－董梦琪,支付宝－董梦琪,中信银行信用卡(5878),成功,,入账日期:2025-09-05,中信银行-已出账单明细-3.xls
2025-09-04 00:00:00,-412.9,支出,财付通－拼多多平台商户,财付通－拼多多平台商户,中信银行信用卡(5878),成功,,入账日期:2025-09-04,中信银行-已出账单明细-3.xls
2025-09-03 00:00:00,-200.0,支出,财付通－国防科大财务结算室,财付通－国防科大财务结算室,中信银行信用卡(5878),成功,,入账日期:2025-09-03,中信银行-已出账单明细-3.xls
2025-09-03 00:00:00,-56.0,支出,支付宝－阿里健康大药房连锁（杭州）有限公司,支付宝－阿里健康大药房连锁（杭州）有限公司,中信银行信用卡(5878),成功,,入账日期:2025-09-03,中信银行-已出账单明细-3.xls
2025-09-03 00:00:00,-7.8,支出,支付宝－上海拉扎斯信息科技有限公司,支付宝－上海拉扎斯信息科技有限公司,中信银行信用卡(5878),成功,,入账日期:2025-09-03,中信银行-已出账单明细-3.xls
2025-09-03 00:00:00,-19.95,支出,财付通－高德打车,财付通－高德打车,中信银行信用卡(5878),成功,,入账日期:2025-09-03,中信银行-已出账单明细-3.xls
2025-09-03 00:00:00,-24.0,支出,财付通－牛一碗食府,财付通－牛一碗食府,中信银行信用卡(5878),成功,,入账日期:2025-09-03,中信银行-已出账单明细-3.xls
2025-09-03 00:00:00,-62.5,支出,支付宝还款,支付宝还款,中信银行信用卡(5878),成功,,入账日期:2025-09-03,中信银行-已出账单明细-3.xls
2025-09-02 00:00:00,-16.0,支出,财付通－高德打车,财付通－高德打车,中信银行信用卡(5878),成功,,入账日期:2025-09-02,中信银行-已出账单明细-3.xls
2025-09-02 00:00:00,-77.0,支出,财付通－牛一碗食府,财付通－牛一碗食府,中信银行信用卡(5878),成功,,入账日期:2025-09-02,中信银行-已出账单明细-3.xls
2025-09-02 00:00:00,-32.0,支出,财付通－牛一碗食府,财付通－牛一碗食府,中信银行信用卡(5878),成功,,入账日期:2025-09-02,中信银行-已出账单明细-3.xls
2025-09-02 00:00:00,-63.0,支出,财付通－高德打车,财付通－高德打车,中信银行信用卡(5878),成功,,入账日期:2025-09-02,中信银行-已出账单明细-3.xls
2025-09-02 00:00:00,-422.0,支出,财付通－美团平台商户,财付通－美团平台商户,中信银行信用卡(5878),成功,,入账日期:2025-09-02,中信银行-已出账单明细-3.xls
2025-09-02 00:00:00,-778.0,支出,财付通－中铁网络,财付通－中铁网络,中信银行信用卡(5878),成功,,入账日期:2025-09-02,中信银行-已出账单明细-3.xls
2025-09-02 00:00:00,-22.0,支出,财付通－滋味冒牌烩面永泰庄店,财付通－滋味冒牌烩面永泰庄店,中信银行信用卡(5878),成功,,入账日期:2025-09-02,中信银行-已出账单明细-3.xls
2025-09-02 00:00:00,-12.79,支出,支付宝－上海拉扎斯信息科技有限公司,支付宝－上海拉扎斯信息科技有限公司,中信银行信用卡(5878),成功,,入账日期:2025-09-02,中信银行-已出账单明细-3.xls
2025-08-14 00:00:00,-2.0,支出,财付通－信安便利店,财付通－信安便利店,中信银行信用卡(5878),成功,,入账日期:2025-08-14,中信银行-已出账单明细-4.xls
2025-08-06 00:00:00,-727.15,支出,网银互联还款2323,网银互联还款2323,中信银行信用卡(5878),成功,,入账日期:2025-08-06,中信银行-已出账单明细-4.xls
2025-07-31 00:00:00,-2.5,支出,财付通－广东美宜佳便利店有限公司,财付通－广东美宜佳便利店有限公司,中信银行信用卡(5878),成功,,入账日期:2025-07-31,中信银行-已出账单明细-4.xls
2025-07-21 00:00:00,-8.0,支出,财付通－沈阳市沈河区瑞华便利店,财付通－沈阳市沈河区瑞华便利店,中信银行信用卡(5878),成功,,入账日期:2025-07-21,中信银行-已出账单明细-4.xls
2025-07-20 00:00:00,-50.0,支出,财付通－沈阳故宫博物院,财付通－沈阳故宫博物院,中信银行信用卡(5878),成功,,入账日期:2025-07-20,中信银行-已出账单明细-4.xls
2025-07-11 00:00:00,-104.44,支出,支付宝－特约商户,支付宝－特约商户,中信银行信用卡(5878),成功,,入账日期:2025-07-11,中信银行-已出账单明细-5.xls
2025-07-11 00:00:00,-104.44,支出,支付宝－特约商户,支付宝－特约商户,中信银行信用卡(5878),成功,,入账日期:2025-07-11,中信银行-已出账单明细-5.xls
2025-07-04 00:00:00,-9573.48,支出,网银互联还款2323,网银互联还款2323,中信银行信用卡(5878),成功,,入账日期:2025-07-04,中信银行-已出账单明细-5.xls
2025-06-20 00:00:00,-28.0,支出,财付通－CHICA面包研究所,财付通－CHICA面包研究所,中信银行信用卡(5878),成功,,入账日期:2025-06-20,中信银行-已出账单明细-5.xls
2025-06-20 00:00:00,-28.0,支出,财付通－野人先生现做冰淇淋,财付通－野人先生现做冰淇淋,中信银行信用卡(5878),成功,,入账日期:2025-06-20,中信银行-已出账单明细-5.xls
2025-06-20 00:00:00,-84.78,支出,财付通－京东商城平台商户,财付通－京东商城平台商户,中信银行信用卡(5878),成功,,入账日期:2025-06-20,中信银行-已出账单明细-5.xls
2025-06-20 00:00:00,-14.5,支出,财付通－收款类-S1-公司餐厅消费系统充值,财付通－收款类-S1-公司餐厅消费系统充值,中信银行信用卡(5878),成功,,入账日期:2025-06-20,中信银行-已出账单明细-5.xls
2025-06-20 00:00:00,-44.9,支出,财付通－京东商城平台商户,财付通－京东商城平台商户,中信银行信用卡(5878),成功,,入账日期:2025-06-20,中信银行-已出账单明细-5.xls
2025-06-20 00:00:00,-28.42,支出,财付通－京东商城平台商户,财付通－京东商城平台商户,中信银行信用卡(5878),成功,,入账日期:2025-06-20,中信银行-已出账单明细-5.xls
2025-06-20 00:00:00,-20.9,支出,财付通－京东商城平台商户,财付通－京东商城平台商户,中信银行信用卡(5878),成功,,入账日期:2025-06-20,中信银行-已出账单明细-5.xls
2025-06-20 00:00:00,-206.65,支出,财付通－京东商城平台商户,财付通－京东商城平台商户,中信银行信用卡(5878),成功,,入账日期:2025-06-20,中信银行-已出账单明细-5.xls
2025-06-19 00:00:00,-65.46,支出,财付通－京东商城平台商户,财付通－京东商城平台商户,中信银行信用卡(5878),成功,,入账日期:2025-06-19,中信银行-已出账单明细-5.xls
2025-06-19 00:00:00,-104.98,支出,财付通－京东商城平台商户,财付通－京东商城平台商户,中信银行信用卡(5878),成功,,入账日期:2025-06-19,中信银行-已出账单明细-5.xls
2025-06-19 00:00:00,-15.4,支出,财付通－收款类-S1-公司餐厅消费系统充值,财付通－收款类-S1-公司餐厅消费系统充值,中信银行信用卡(5878),成功,,入账日期:2025-06-19,中信银行-已出账单明细-5.xls
2025-06-18 00:00:00,-26.0,支出,财付通－收款类-S1-公司餐厅消费系统充值,财付通－收款类-S1-公司餐厅消费系统充值,中信银行信用卡(5878),成功,,入账日期:2025-06-18,中信银行-已出账单明细-5.xls
2025-06-18 00:00:00,-28.36,支出,财付通－京东商城平台商户,财付通－京东商城平台商户,中信银行信用卡(5878),成功,,入账日期:2025-06-18,中信银行-已出账单明细-5.xls
2025-06-17 00:00:00,-3.5,支出,财付通－快乐购超市科创园区店,财付通－快乐购超市科创园区店,中信银行信用卡(5878),成功,,入账日期:2025-06-17,中信银行-已出账单明细-5.xls
2025-06-17 00:00:00,-20.3,支出,财付通－收款类-S1-公司餐厅消费系统充值,财付通－收款类-S1-公司餐厅消费系统充值,中信银行信用卡(5878),成功,,入账日期:2025-06-17,中信银行-已出账单明细-5.xls
2025-06-17 00:00:00,-7.0,支出,财付通－三十店,财付通－三十店,中信银行信用卡(5878),成功,,入账日期:2025-06-17,中信银行-已出账单明细-5.xls
2025-06-16 00:00:00,-16.1,支出,财付通－美团平台商户,财付通－美团平台商户,中信银行信用卡(5878),成功,,入账日期:2025-06-16,中信银行-已出账单明细-6.xls
2025-06-16 00:00:00,-3.88,支出,财付通-滴滴出行,财付通-滴滴出行,中信银行信用卡(5878),成功,,入账日期:2025-06-16,中信银行-已出账单明细-6.xls
2025-06-16 00:00:00,-15.8,支出,财付通－滴滴出行,财付通－滴滴出行,中信银行信用卡(5878),成功,,入账日期:2025-06-16,中信银行-已出账单明细-6.xls
2025-06-16 00:00:00,-29.9,支出,财付通－收款类-S1-公司餐厅消费系统充值,财付通－收款类-S1-公司餐厅消费系统充值,中信银行信用卡(5878),成功,,入账日期:2025-06-16,中信银行-已出账单明细-6.xls
2025-06-16 00:00:00,-5.0,支出,财付通－弘大超市,财付通－弘大超市,中信银行信用卡(5878),成功,,入账日期:2025-06-16,中信银行-已出账单明细-6.xls
2025-06-16 00:00:00,-7.0,支出,财付通－三十店,财付通－三十店,中信银行信用卡(5878),成功,,入账日期:2025-06-16,中信银行-已出账单明细-6.xls
2025-06-15 00:00:00,-19.7,支出,财付通－四川联通,财付通－四川联通,中信银行信用卡(5878),成功,,入账日期:2025-06-15,中信银行-已出账单明细-6.xls
2025-06-15 00:00:00,-15.88,支出,财付通－沃尔玛,财付通－沃尔玛,中信银行信用卡(5878),成功,,入账日期:2025-06-15,中信银行-已出账单明细-6.xls
2025-06-15 00:00:00,-15.0,支出,财付通－https://www.apple.co,财付通－https://www.apple.co,中信银行信用卡(5878),成功,,入账日期:2025-06-15,中信银行-已出账单明细-6.xls
2025-06-14 00:00:00,-27.0,支出,财付通－CHICA面包研究所,财付通－CHICA面包研究所,中信银行信用卡(5878),成功,,入账日期:2025-06-14,中信银行-已出账单明细-6.xls
2025-06-14 00:00:00,-29.29,支出,财付通－美团平台商户,财付通－美团平台商户,中信银行信用卡(5878),成功,,入账日期:2025-06-14,中信银行-已出账单明细-6.xls
2025-06-14 00:00:00,-152.7,支出,财付通－上海盒浦,财付通－上海盒浦,中信银行信用卡(5878),成功,,入账日期:2025-06-14,中信银行-已出账单明细-6.xls
2025-06-14 00:00:00,-69.0,支出,财付通－京东商城平台商户,财付通－京东商城平台商户,中信银行信用卡(5878),成功,,入账日期:2025-06-14,中信银行-已出账单明细-6.xls
2025-06-13 00:00:00,-207.66,支出,财付通－渝月川菜（威新店）,财付通－渝月川菜（威新店）,中信银行信用卡(5878),成功,,入账日期:2025-06-13,中信银行-已出账单明细-6.xls
2025-06-09 00:00:00,-12.0,支出,财付通－三十店,财付通－三十店,中信银行信用卡(5878),成功,,入账日期:2025-06-09,中信银行-已出账单明细-6.xls
2025-06-08 00:00:00,-756.05,支出,财付通－JD,财付通－JD,中信银行信用卡(5878),成功,,入账日期:2025-06-08,中信银行-已出账单明细-6.xls
2025-06-06 00:00:00,-19.2,支出,财付通－收款类-S1-公司餐厅消费系统充值,财付通－收款类-S1-公司餐厅消费系统充值,中信银行信用卡(5878),成功,,入账日期:2025-06-06,中信银行-已出账单明细-6.xls
2025-06-05 00:00:00,-2.9,支出,财付通－收款类-S1-公司餐厅消费系统充值,财付通－收款类-S1-公司餐厅消费系统充值,中信银行信用卡(5878),成功,,入账日期:2025-06-05,中信银行-已出账单明细-6.xls
2025-06-05 00:00:00,-19.9,支出,财付通－肯德基,财付通－肯德基,中信银行信用卡(5878),成功,,入账日期:2025-06-05,中信银行-已出账单明细-6.xls
2025-06-05 00:00:00,-14.5,支出,财付通－收款类-S1-公司餐厅消费系统充值,财付通－收款类-S1-公司餐厅消费系统充值,中信银行信用卡(5878),成功,,入账日期:2025-06-05,中信银行-已出账单明细-6.xls
2025-06-05 00:00:00,-7.0,支出,财付通－收款类-S1-公司餐厅消费系统充值,财付通－收款类-S1-公司餐厅消费系统充值,中信银行信用卡(5878),成功,,入账日期:2025-06-05,中信银行-已出账单明细-6.xls
2025-06-05 00:00:00,-6.52,支出,财付通－收款类-S1-公司餐厅消费系统充值,财付通－收款类-S1-公司餐厅消费系统充值,中信银行信用卡(5878),成功,,入账日期:2025-06-05,中信银行-已出账单明细-6.xls
2025-06-04 00:00:00,-68.0,支出,财付通－iCloud 由云上贵州运营,财付通－iCloud 由云上贵州运营,中信银行信用卡(5878),成功,,入账日期:2025-06-04,中信银行-已出账单明细-6.xls
2025-06-02 00:00:00,-300.0,支出,财付通－马厂老火锅（南山南头街店）,财付通－马厂老火锅（南山南头街店）,中信银行信用卡(5878),成功,,入账日期:2025-06-02,中信银行-已出账单明细-6.xls
2025-06-02 00:00:00,-37.6,支出,财付通－四川永辉超市有限公司,财付通－四川永辉超市有限公司,中信银行信用卡(5878),成功,,入账日期:2025-06-02,中信银行-已出账单明细-6.xls
2025-06-02 00:00:00,-28.5,支出,财付通－深圳金拱门食品有限公司,财付通－深圳金拱门食品有限公司,中信银行信用卡(5878),成功,,入账日期:2025-06-02,中信银行-已出账单明细-6.xls
2025-06-02 00:00:00,-35.4,支出,财付通－深圳金拱门食品有限公司,财付通－深圳金拱门食品有限公司,中信银行信用卡(5878),成功,,入账日期:2025-06-02,中信银行-已出账单明细-6.xls
2025-06-02 00:00:00,-30.8,支出,财付通－美团平台商户,财付通－美团平台商户,中信银行信用卡(5878),成功,,入账日期:2025-06-02,中信银行-已出账单明细-6.xls
2025-06-01 00:00:00,-33.0,支出,财付通－美团平台商户,财付通－美团平台商户,中信银行信用卡(5878),成功,,入账日期:2025-06-01,中信银行-已出账单明细-6.xls
2025-06-01 00:00:00,-35.0,支出,财付通－美团平台商户,财付通－美团平台商户,中信银行信用卡(5878),成功,,入账日期:2025-06-01,中信银行-已出账单明细-6.xls
2025-06-01 00:00:00,-35.0,支出,财付通－美团平台商户,财付通－美团平台商户,中信银行信用卡(5878),成功,,入账日期:2025-06-01,中信银行-已出账单明细-6.xls
2025-06-01 00:00:00,-9421.9,支出,网银互联还款4447,网银互联还款4447,中信银行信用卡(5878),成功,,入账日期:2025-06-01,中信银行-已出账单明细-6.xls
2025-06-01 00:00:00,-3964.21,支出,财付通－南山云城泊寓旗舰店,财付通－南山云城泊寓旗舰店,中信银行信用卡(5878),成功,,入账日期:2025-06-01,中信银行-已出账单明细-6.xls
2025-06-01 00:00:00,-35.16,支出,财付通－深圳金拱门食品有限公司,财付通－深圳金拱门食品有限公司,中信银行信用卡(5878),成功,,入账日期:2025-06-01,中信银行-已出账单明细-6.xls
2025-05-30 00:00:00,-98.6,支出,财付通－混果汁HUNJUICE,财付通－混果汁HUNJUICE,中信银行信用卡(5878),成功,,入账日期:2025-05-30,中信银行-已出账单明细-6.xls
2025-05-30 00:00:00,-29.9,支出,财付通－名创优品四川绵阳中环时代购物广场店,财付通－名创优品四川绵阳中环时代购物广场店,中信银行信用卡(5878),成功,,入账日期:2025-05-30,中信银行-已出账单明细-6.xls
2025-05-30 00:00:00,-34.5,支出,财付通－美团平台商户,财付通－美团平台商户,中信银行信用卡(5878),成功,,入账日期:2025-05-30,中信银行-已出账单明细-6.xls
2025-05-30 00:00:00,-25.0,支出,财付通－上海新上铁实业发展集团有限公司,财付通－上海新上铁实业发展集团有限公司,中信银行信用卡(5878),成功,,入账日期:2025-05-30,中信银行-已出账单明细-6.xls
2025-05-30 00:00:00,-22.2,支出,财付通－收款类-S1-公司餐厅消费系统充值,财付通－收款类-S1-公司餐厅消费系统充值,中信银行信用卡(5878),成功,,入账日期:2025-05-30,中信银行-已出账单明细-6.xls
2025-05-29 00:00:00,-28.9,支出,财付通－收款类-S1-公司餐厅消费系统充值,财付通－收款类-S1-公司餐厅消费系统充值,中信银行信用卡(5878),成功,,入账日期:2025-05-29,中信银行-已出账单明细-6.xls
2025-05-28 00:00:00,-13.0,支出,财付通－混果汁HUNJUICE,财付通－混果汁HUNJUICE,中信银行信用卡(5878),成功,,入账日期:2025-05-28,中信银行-已出账单明细-6.xls
2025-05-28 00:00:00,-23.1,支出,财付通－收款类-S1-公司餐厅消费系统充值,财付通－收款类-S1-公司餐厅消费系统充值,中信银行信用卡(5878),成功,,入账日期:2025-05-28,中信银行-已出账单明细-6.xls
2025-05-27 00:00:00,-8.4,支出,财付通－美团平台商户,财付通－美团平台商户,中信银行信用卡(5878),成功,,入账日期:2025-05-27,中信银行-已出账单明细-6.xls
2025-05-27 00:00:00,-2.9,支出,财付通－收款类-S1-公司餐厅消费系统充值,财付通－收款类-S1-公司餐厅消费系统充值,中信银行信用卡(5878),成功,,入账日期:2025-05-27,中信银行-已出账单明细-6.xls
2025-05-27 00:00:00,-21.2,支出,财付通－收款类-S1-公司餐厅消费系统充值,财付通－收款类-S1-公司餐厅消费系统充值,中信银行信用卡(5878),成功,,入账日期:2025-05-27,中信银行-已出账单明细-6.xls
2025-05-26 00:00:00,-18.3,支出,财付通－收款类-S1-公司餐厅消费系统充值,财付通－收款类-S1-公司餐厅消费系统充值,中信银行信用卡(5878),成功,,入账日期:2025-05-26,中信银行-已出账单明细-6.xls
2025-05-26 00:00:00,-4.5,支出,财付通－零食有鸣,财付通－零食有鸣,中信银行信用卡(5878),成功,,入账日期:2025-05-26,中信银行-已出账单明细-6.xls
2025-05-25 00:00:00,-2.0,支出,财付通-华师大ECNU,财付通-华师大ECNU,中信银行信用卡(5878),成功,,入账日期:2025-05-26,中信银行-已出账单明细-6.xls
2025-05-25 00:00:00,-19.7,支出,财付通－四川联通,财付通－四川联通,中信银行信用卡(5878),成功,,入账日期:2025-05-25,中信银行-已出账单明细-6.xls
2025-05-25 00:00:00,-29.8,支出,财付通－混果汁HUNJUICE,财付通－混果汁HUNJUICE,中信银行信用卡(5878),成功,,入账日期:2025-05-25,中信银行-已出账单明细-6.xls
2025-05-25 00:00:00,-15.9,支出,财付通－绵阳百盛观花店,财付通－绵阳百盛观花店,中信银行信用卡(5878),成功,,入账日期:2025-05-25,中信银行-已出账单明细-6.xls
2025-05-25 00:00:00,-4.0,支出,财付通－华师大ECNU,财付通－华师大ECNU,中信银行信用卡(5878),成功,,入账日期:2025-05-25,中信银行-已出账单明细-6.xls
2025-05-25 00:00:00,-45.0,支出,财付通－青岛通产智能,财付通－青岛通产智能,中信银行信用卡(5878),成功,,入账日期:2025-05-25,中信银行-已出账单明细-6.xls
2025-05-25 00:00:00,-55.25,支出,财付通－深圳市致远创想科技有限公司,财付通－深圳市致远创想科技有限公司,中信银行信用卡(5878),成功,,入账日期:2025-05-25,中信银行-已出账单明细-6.xls
2025-05-25 00:00:00,-35.4,支出,财付通－深圳金拱门食品有限公司,财付通－深圳金拱门食品有限公司,中信银行信用卡(5878),成功,,入账日期:2025-05-25,中信银行-已出账单明细-6.xls
2025-05-25 00:00:00,-6.0,支出,财付通－成都罗森便利店,财付通－成都罗森便利店,中信银行信用卡(5878),成功,,入账日期:2025-05-25,中信银行-已出账单明细-6.xls
2025-05-24 00:00:00,-20.5,支出,财付通－上海教育超市连锁有限公司,财付通－上海教育超市连锁有限公司,中信银行信用卡(5878),成功,,入账日期:2025-05-24,中信银行-已出账单明细-6.xls
2025-05-24 00:00:00,-32.47,支出,财付通－喜茶,财付通－喜茶,中信银行信用卡(5878),成功,,入账日期:2025-05-24,中信银行-已出账单明细-6.xls
2025-05-24 00:00:00,-28.0,支出,财付通－叁拾面包,财付通－叁拾面包,中信银行信用卡(5878),成功,,入账日期:2025-05-24,中信银行-已出账单明细-6.xls
2025-05-24 00:00:00,-22.0,支出,财付通－圳卤力,财付通－圳卤力,中信银行信用卡(5878),成功,,入账日期:2025-05-24,中信银行-已出账单明细-6.xls
2025-05-23 00:00:00,-8.0,支出,财付通－P云停车平台,财付通－P云停车平台,中信银行信用卡(5878),成功,,入账日期:2025-05-23,中信银行-已出账单明细-6.xls
2025-05-23 00:00:00,-3.0,支出,财付通－琪洁洗衣,财付通－琪洁洗衣,中信银行信用卡(5878),成功,,入账日期:2025-05-23,中信银行-已出账单明细-6.xls
2025-05-23 00:00:00,-32.47,支出,财付通－喜茶,财付通－喜茶,中信银行信用卡(5878),成功,,入账日期:2025-05-23,中信银行-已出账单明细-6.xls
2025-05-23 00:00:00,-5.0,支出,财付通－快乐购超市科创园区店,财付通－快乐购超市科创园区店,中信银行信用卡(5878),成功,,入账日期:2025-05-23,中信银行-已出账单明细-6.xls
2025-05-23 00:00:00,-23.1,支出,财付通－收款类-S1-公司餐厅消费系统充值,财付通－收款类-S1-公司餐厅消费系统充值,中信银行信用卡(5878),成功,,入账日期:2025-05-23,中信银行-已出账单明细-6.xls
2025-05-23 00:00:00,-3.0,支出,财付通－收款类-S1-公司餐厅消费系统充值,财付通－收款类-S1-公司餐厅消费系统充值,中信银行信用卡(5878),成功,,入账日期:2025-05-23,中信银行-已出账单明细-6.xls
2025-05-22 00:00:00,-29.9,支出,财付通－肯德基,财付通－肯德基,中信银行信用卡(5878),成功,,入账日期:2025-05-22,中信银行-已出账单明细-6.xls
2025-05-22 00:00:00,-11.6,支出,财付通－美团平台商户,财付通－美团平台商户,中信银行信用卡(5878),成功,,入账日期:2025-05-22,中信银行-已出账单明细-6.xls
2025-05-22 00:00:00,-11.6,支出,财付通－收款类-S1-公司餐厅消费系统充值,财付通－收款类-S1-公司餐厅消费系统充值,中信银行信用卡(5878),成功,,入账日期:2025-05-22,中信银行-已出账单明细-6.xls
2025-05-22 00:00:00,-6.0,支出,财付通－收款类-S1-公司餐厅消费系统充值,财付通－收款类-S1-公司餐厅消费系统充值,中信银行信用卡(5878),成功,,入账日期:2025-05-22,中信银行-已出账单明细-6.xls
2025-05-21 00:00:00,-3.0,支出,财付通－胡田螺,财付通－胡田螺,中信银行信用卡(5878),成功,,入账日期:2025-05-21,中信银行-已出账单明细-6.xls
2025-05-21 00:00:00,-18.0,支出,财付通－紫苏云科技,财付通－紫苏云科技,中信银行信用卡(5878),成功,,入账日期:2025-05-21,中信银行-已出账单明细-6.xls
2025-05-21 00:00:00,-18.9,支出,财付通－京东商城平台商户,财付通－京东商城平台商户,中信银行信用卡(5878),成功,,入账日期:2025-05-21,中信银行-已出账单明细-6.xls
2025-05-21 00:00:00,-18.3,支出,财付通－收款类-S1-公司餐厅消费系统充值,财付通－收款类-S1-公司餐厅消费系统充值,中信银行信用卡(5878),成功,,入账日期:2025-05-21,中信银行-已出账单明细-6.xls
2025-05-20 00:00:00,-20.3,支出,财付通－收款类-S1-公司餐厅消费系统充值,财付通－收款类-S1-公司餐厅消费系统充值,中信银行信用卡(5878),成功,,入账日期:2025-05-20,中信银行-已出账单明细-6.xls
2025-05-19 00:00:00,-27.5,支出,财付通－美团平台商户,财付通－美团平台商户,中信银行信用卡(5878),成功,,入账日期:2025-05-19,中信银行-已出账单明细-6.xls
2025-05-19 00:00:00,-15.4,支出,财付通－收款类-S1-公司餐厅消费系统充值,财付通－收款类-S1-公司餐厅消费系统充值,中信银行信用卡(5878),成功,,入账日期:2025-05-19,中信银行-已出账单明细-6.xls
2025-05-17 00:00:00,-2699.0,支出,财付通－深圳市深港机动车驾驶培训集团有限公司,财付通－深圳市深港机动车驾驶培训集团有限公司,中信银行信用卡(5878),成功,,入账日期:2025-05-17,中信银行-已出账单明细-6.xls
2025-05-08 00:00:00,-23.1,支出,财付通－收款类-S1-公司餐厅消费系统充值,财付通－收款类-S1-公司餐厅消费系统充值,中信银行信用卡(5878),成功,,入账日期:2025-05-08,中信银行-已出账单明细-7.xls
2025-05-07 00:00:00,-19.7,支出,财付通－四川联通,财付通－四川联通,中信银行信用卡(5878),成功,,入账日期:2025-05-07,中信银行-已出账单明细-7.xls
2025-05-07 00:00:00,-27.0,支出,财付通－收款类-S1-公司餐厅消费系统充值,财付通－收款类-S1-公司餐厅消费系统充值,中信银行信用卡(5878),成功,,入账日期:2025-05-07,中信银行-已出账单明细-7.xls
2025-05-06 00:00:00,-100.0,支出,财付通－手机充值-中国移动,财付通－手机充值-中国移动,中信银行信用卡(5878),成功,,入账日期:2025-05-06,中信银行-已出账单明细-7.xls
2025-05-06 00:00:00,-26.0,支出,支付宝－中国铁路成都局集团有限公司贵阳客运段,支付宝－中国铁路成都局集团有限公司贵阳客运段,中信银行信用卡(5878),成功,,入账日期:2025-05-06,中信银行-已出账单明细-7.xls
2025-05-05 00:00:00,-4563.44,支出,网银互联还款2323,网银互联还款2323,中信银行信用卡(5878),成功,,入账日期:2025-05-05,中信银行-已出账单明细-7.xls
2025-05-05 00:00:00,-18.0,支出,财付通－爱达乐,财付通－爱达乐,中信银行信用卡(5878),成功,,入账日期:2025-05-05,中信银行-已出账单明细-7.xls
2025-05-05 00:00:00,-3.5,支出,支付宝－四川永辉超市有限公司,支付宝－四川永辉超市有限公司,中信银行信用卡(5878),成功,,入账日期:2025-05-05,中信银行-已出账单明细-7.xls
2025-05-05 00:00:00,-56.42,支出,财付通－四川永辉超市有限公司,财付通－四川永辉超市有限公司,中信银行信用卡(5878),成功,,入账日期:2025-05-05,中信银行-已出账单明细-7.xls
2025-05-05 00:00:00,-8.0,支出,财付通－绵阳市涪城区罗汉寺,财付通－绵阳市涪城区罗汉寺,中信银行信用卡(5878),成功,,入账日期:2025-05-05,中信银行-已出账单明细-7.xls
2025-05-05 00:00:00,-5.0,支出,财付通－83号停车场,财付通－83号停车场,中信银行信用卡(5878),成功,,入账日期:2025-05-05,中信银行-已出账单明细-7.xls
2025-05-05 00:00:00,-30.0,支出,支付宝－素椒杂酱面,支付宝－素椒杂酱面,中信银行信用卡(5878),成功,,入账日期:2025-05-05,中信银行-已出账单明细-7.xls
2025-05-04 00:00:00,-8.0,支出,财付通－德华开元米粉御景名城店,财付通－德华开元米粉御景名城店,中信银行信用卡(5878),成功,,入账日期:2025-05-04,中信银行-已出账单明细-7.xls
2025-05-04 00:00:00,-32.0,支出,财付通－浙江古茗,财付通－浙江古茗,中信银行信用卡(5878),成功,,入账日期:2025-05-04,中信银行-已出账单明细-7.xls
2025-05-04 00:00:00,-5.0,支出,财付通－P云停车平台,财付通－P云停车平台,中信银行信用卡(5878),成功,,入账日期:2025-05-04,中信银行-已出账单明细-7.xls
2025-05-04 00:00:00,-192.0,支出,财付通－绝城芋儿鸡,财付通－绝城芋儿鸡,中信银行信用卡(5878),成功,,入账日期:2025-05-04,中信银行-已出账单明细-7.xls
2025-05-04 00:00:00,-68.0,支出,财付通－iCloud 由云上贵州运营,财付通－iCloud 由云上贵州运营,中信银行信用卡(5878),成功,,入账日期:2025-05-04,中信银行-已出账单明细-7.xls
2025-05-04 00:00:00,-13.5,支出,支付宝－绵阳市游仙区宜佳生活超市,支付宝－绵阳市游仙区宜佳生活超市,中信银行信用卡(5878),成功,,入账日期:2025-05-04,中信银行-已出账单明细-7.xls
2025-05-04 00:00:00,-109.49,支出,支付宝－Stripe Inc,支付宝－Stripe Inc,中信银行信用卡(5878),成功,,入账日期:2025-05-04,中信银行-已出账单明细-7.xls
2025-05-04 00:00:00,-8.0,支出,支付宝－成都罗森便利店管理有限公司,支付宝－成都罗森便利店管理有限公司,中信银行信用卡(5878),成功,,入账日期:2025-05-04,中信银行-已出账单明细-7.xls
2025-05-04 00:00:00,-6.0,支出,财付通－共存物联,财付通－共存物联,中信银行信用卡(5878),成功,,入账日期:2025-05-04,中信银行-已出账单明细-7.xls
2025-05-03 00:00:00,-3.0,支出,财付通－共存物联,财付通－共存物联,中信银行信用卡(5878),成功,,入账日期:2025-05-03,中信银行-已出账单明细-7.xls
2025-05-03 00:00:00,-46.7,支出,财付通－去茶山万象城店,财付通－去茶山万象城店,中信银行信用卡(5878),成功,,入账日期:2025-05-03,中信银行-已出账单明细-7.xls
2025-05-03 00:00:00,-6.0,支出,财付通－小鑫副食店,财付通－小鑫副食店,中信银行信用卡(5878),成功,,入账日期:2025-05-03,中信银行-已出账单明细-7.xls
2025-05-03 00:00:00,-19.7,支出,财付通－四川联通,财付通－四川联通,中信银行信用卡(5878),成功,,入账日期:2025-05-03,中信银行-已出账单明细-7.xls
2025-05-02 00:00:00,-5.0,支出,财付通－绵阳市恒惠生活超市,财付通－绵阳市恒惠生活超市,中信银行信用卡(5878),成功,,入账日期:2025-05-02,中信银行-已出账单明细-7.xls
2025-05-02 00:00:00,-36.3,支出,财付通－美团平台商户,财付通－美团平台商户,中信银行信用卡(5878),成功,,入账日期:2025-05-02,中信银行-已出账单明细-7.xls
2025-05-02 00:00:00,-149.0,支出,财付通－大疆无人机,财付通－大疆无人机,中信银行信用卡(5878),成功,,入账日期:2025-05-02,中信银行-已出账单明细-7.xls
2025-05-02 00:00:00,-50.0,支出,财付通－腾讯内部员工Q币购买,财付通－腾讯内部员工Q币购买,中信银行信用卡(5878),成功,,入账日期:2025-05-02,中信银行-已出账单明细-7.xls
2025-05-01 00:00:00,-18.0,支出,财付通－绵阳市科技城新区科均开元米粉店,财付通－绵阳市科技城新区科均开元米粉店,中信银行信用卡(5878),成功,,入账日期:2025-05-01,中信银行-已出账单明细-7.xls
2025-05-01 00:00:00,-20.7,支出,财付通－成都罗森便利店,财付通－成都罗森便利店,中信银行信用卡(5878),成功,,入账日期:2025-05-01,中信银行-已出账单明细-7.xls
2025-05-01 00:00:00,-27.5,支出,财付通－深圳金拱门食品有限公司,财付通－深圳金拱门食品有限公司,中信银行信用卡(5878),成功,,入账日期:2025-05-01,中信银行-已出账单明细-7.xls
2025-05-01 00:00:00,-64.0,支出,财付通－深圳金拱门食品有限公司,财付通－深圳金拱门食品有限公司,中信银行信用卡(5878),成功,,入账日期:2025-05-01,中信银行-已出账单明细-7.xls
2025-05-01 00:00:00,-3880.56,支出,财付通－南山云城泊寓旗舰店,财付通－南山云城泊寓旗舰店,中信银行信用卡(5878),成功,,入账日期:2025-05-01,中信银行-已出账单明细-7.xls
2025-04-30 00:00:00,-18.0,支出,财付通－爱达乐,财付通－爱达乐,中信银行信用卡(5878),成功,,入账日期:2025-04-30,中信银行-已出账单明细-7.xls
2025-04-30 00:00:00,-20.48,支出,财付通－沃尔玛,财付通－沃尔玛,中信银行信用卡(5878),成功,,入账日期:2025-04-30,中信银行-已出账单明细-7.xls
2025-04-30 00:00:00,-675.0,支出,支付宝-上海顺途科技有限公司,支付宝-上海顺途科技有限公司,中信银行信用卡(5878),成功,,入账日期:2025-04-30,中信银行-已出账单明细-7.xls
2025-04-30 00:00:00,-675.0,支出,支付宝－上海顺途科技有限公司,支付宝－上海顺途科技有限公司,中信银行信用卡(5878),成功,,入账日期:2025-04-30,中信银行-已出账单明细-7.xls
2025-04-30 00:00:00,-1758.65,支出,支付宝－湖北天猫优品家享家居有限公司,支付宝－湖北天猫优品家享家居有限公司,中信银行信用卡(5878),成功,,入账日期:2025-04-30,中信银行-已出账单明细-7.xls
2025-04-30 00:00:00,-27.0,支出,财付通－收款类-S1-公司餐厅消费系统充值,财付通－收款类-S1-公司餐厅消费系统充值,中信银行信用卡(5878),成功,,入账日期:2025-04-30,中信银行-已出账单明细-7.xls
2025-04-29 00:00:00,-19.0,支出,财付通－圳卤力,财付通－圳卤力,中信银行信用卡(5878),成功,,入账日期:2025-04-29,中信银行-已出账单明细-7.xls
2025-04-29 00:00:00,-39.9,支出,财付通－京东商城平台商户,财付通－京东商城平台商户,中信银行信用卡(5878),成功,,入账日期:2025-04-29,中信银行-已出账单明细-7.xls
2025-04-29 00:00:00,-689.0,支出,支付宝－中国铁路网络有限公司,支付宝－中国铁路网络有限公司,中信银行信用卡(5878),成功,,入账日期:2025-04-29,中信银行-已出账单明细-7.xls
2025-04-29 00:00:00,-689.0,支出,支付宝－中国铁路网络有限公司,支付宝－中国铁路网络有限公司,中信银行信用卡(5878),成功,,入账日期:2025-04-29,中信银行-已出账单明细-7.xls
2025-04-29 00:00:00,-18.3,支出,财付通－收款类-S1-公司餐厅消费系统充值,财付通－收款类-S1-公司餐厅消费系统充值,中信银行信用卡(5878),成功,,入账日期:2025-04-29,中信银行-已出账单明细-7.xls
2025-04-28 00:00:00,-742.5,支出,支付宝－中国铁路网络有限公司,支付宝－中国铁路网络有限公司,中信银行信用卡(5878),成功,,入账日期:2025-05-04,中信银行-已出账单明细-7.xls
2025-04-28 00:00:00,-742.5,支出,支付宝－中国铁路网络有限公司,支付宝－中国铁路网络有限公司,中信银行信用卡(5878),成功,,入账日期:2025-05-01,中信银行-已出账单明细-7.xls
2025-04-28 00:00:00,-742.5,支出,支付宝－中国铁路网络有限公司,支付宝－中国铁路网络有限公司,中信银行信用卡(5878),成功,,入账日期:2025-04-28,中信银行-已出账单明细-7.xls
2025-04-28 00:00:00,-742.5,支出,支付宝－中国铁路网络有限公司,支付宝－中国铁路网络有限公司,中信银行信用卡(5878),成功,,入账日期:2025-04-28,中信银行-已出账单明细-7.xls
2025-04-28 00:00:00,-742.5,支出,支付宝－中国铁路网络有限公司,支付宝－中国铁路网络有限公司,中信银行信用卡(5878),成功,,入账日期:2025-04-28,中信银行-已出账单明细-7.xls
2025-04-28 00:00:00,-742.5,支出,支付宝－中国铁路网络有限公司,支付宝－中国铁路网络有限公司,中信银行信用卡(5878),成功,,入账日期:2025-04-28,中信银行-已出账单明细-7.xls
2025-04-28 00:00:00,-1390.0,支出,支付宝－携程旅行网,支付宝－携程旅行网,中信银行信用卡(5878),成功,,入账日期:2025-04-28,中信银行-已出账单明细-7.xls
2025-04-28 00:00:00,-19.7,支出,财付通－四川联通,财付通－四川联通,中信银行信用卡(5878),成功,,入账日期:2025-04-28,中信银行-已出账单明细-7.xls
2025-04-28 00:00:00,-20.0,支出,财付通－成都市品味牛筋面,财付通－成都市品味牛筋面,中信银行信用卡(5878),成功,,入账日期:2025-04-28,中信银行-已出账单明细-7.xls
2025-04-28 00:00:00,-27.9,支出,财付通－收款类-S1-公司餐厅消费系统充值,财付通－收款类-S1-公司餐厅消费系统充值,中信银行信用卡(5878),成功,,入账日期:2025-04-28,中信银行-已出账单明细-7.xls
2025-04-27 00:00:00,-11.0,支出,财付通－美团平台商户,财付通－美团平台商户,中信银行信用卡(5878),成功,,入账日期:2025-04-27,中信银行-已出账单明细-7.xls
2025-04-27 00:00:00,-15.4,支出,财付通－收款类-S1-公司餐厅消费系统充值,财付通－收款类-S1-公司餐厅消费系统充值,中信银行信用卡(5878),成功,,入账日期:2025-04-27,中信银行-已出账单明细-7.xls
2025-04-26 00:00:00,-199.0,支出,财付通－优衣库,财付通－优衣库,中信银行信用卡(5878),成功,,入账日期:2025-04-26,中信银行-已出账单明细-7.xls
2025-04-26 00:00:00,-37.0,支出,财付通－喜茶-深圳,财付通－喜茶-深圳,中信银行信用卡(5878),成功,,入账日期:2025-04-26,中信银行-已出账单明细-7.xls
2025-04-26 00:00:00,-33.44,支出,财付通－喜茶,财付通－喜茶,中信银行信用卡(5878),成功,,入账日期:2025-04-26,中信银行-已出账单明细-7.xls
2025-04-26 00:00:00,-4.0,支出,财付通－虹景苑菜鸟驿站,财付通－虹景苑菜鸟驿站,中信银行信用卡(5878),成功,,入账日期:2025-04-26,中信银行-已出账单明细-7.xls
2025-04-26 00:00:00,-10.0,支出,财付通－杭州甲乙画科技有限公司703660,财付通－杭州甲乙画科技有限公司703660,中信银行信用卡(5878),成功,,入账日期:2025-04-26,中信银行-已出账单明细-7.xls
2025-04-26 00:00:00,-5.0,支出,财付通－晟榀便利店,财付通－晟榀便利店,中信银行信用卡(5878),成功,,入账日期:2025-04-26,中信银行-已出账单明细-7.xls
2025-04-25 00:00:00,-24.0,支出,财付通－圳卤力,财付通－圳卤力,中信银行信用卡(5878),成功,,入账日期:2025-04-25,中信银行-已出账单明细-7.xls
2025-04-25 00:00:00,-19.7,支出,财付通－四川联通,财付通－四川联通,中信银行信用卡(5878),成功,,入账日期:2025-04-25,中信银行-已出账单明细-7.xls
2025-04-25 00:00:00,-21.1,支出,财付通－收款类-S1-公司餐厅消费系统充值,财付通－收款类-S1-公司餐厅消费系统充值,中信银行信用卡(5878),成功,,入账日期:2025-04-25,中信银行-已出账单明细-7.xls
2025-04-24 00:00:00,-18.3,支出,财付通－收款类-S1-公司餐厅消费系统充值,财付通－收款类-S1-公司餐厅消费系统充值,中信银行信用卡(5878),成功,,入账日期:2025-04-24,中信银行-已出账单明细-7.xls
2025-04-24 00:00:00,-52.0,支出,财付通－顺丰速运,财付通－顺丰速运,中信银行信用卡(5878),成功,,入账日期:2025-04-24,中信银行-已出账单明细-7.xls
2025-04-23 00:00:00,-30.0,支出,财付通－绵阳市涪城区仁万饮品店,财付通－绵阳市涪城区仁万饮品店,中信银行信用卡(5878),成功,,入账日期:2025-04-23,中信银行-已出账单明细-7.xls
2025-04-23 00:00:00,-59.0,支出,财付通－拼多多平台商户,财付通－拼多多平台商户,中信银行信用卡(5878),成功,,入账日期:2025-04-23,中信银行-已出账单明细-7.xls
2025-04-23 00:00:00,-17.4,支出,财付通－收款类-S1-公司餐厅消费系统充值,财付通－收款类-S1-公司餐厅消费系统充值,中信银行信用卡(5878),成功,,入账日期:2025-04-23,中信银行-已出账单明细-7.xls
2025-04-23 00:00:00,-5.0,支出,财付通－收款类-S1-公司餐厅消费系统充值,财付通－收款类-S1-公司餐厅消费系统充值,中信银行信用卡(5878),成功,,入账日期:2025-04-23,中信银行-已出账单明细-7.xls
2025-04-22 00:00:00,-14.6,支出,财付通－美团平台商户,财付通－美团平台商户,中信银行信用卡(5878),成功,,入账日期:2025-04-22,中信银行-已出账单明细-7.xls
2025-04-22 00:00:00,-20.0,支出,财付通－收款类-S1-公司餐厅消费系统充值,财付通－收款类-S1-公司餐厅消费系统充值,中信银行信用卡(5878),成功,,入账日期:2025-04-22,中信银行-已出账单明细-7.xls
2025-04-21 00:00:00,-18.0,支出,财付通－紫苏云科技,财付通－紫苏云科技,中信银行信用卡(5878),成功,,入账日期:2025-04-21,中信银行-已出账单明细-7.xls
2025-04-21 00:00:00,-19.7,支出,财付通－四川联通,财付通－四川联通,中信银行信用卡(5878),成功,,入账日期:2025-04-21,中信银行-已出账单明细-7.xls
2025-04-21 00:00:00,-23.1,支出,财付通－收款类-S1-公司餐厅消费系统充值,财付通－收款类-S1-公司餐厅消费系统充值,中信银行信用卡(5878),成功,,入账日期:2025-04-21,中信银行-已出账单明细-7.xls
2025-04-20 00:00:00,-8.0,支出,财付通－深圳泊链软件有限公司,财付通－深圳泊链软件有限公司,中信银行信用卡(5878),成功,,入账日期:2025-04-20,中信银行-已出账单明细-7.xls
2025-04-20 00:00:00,-74.9,支出,财付通－深圳市致远创想科技有限公司,财付通－深圳市致远创想科技有限公司,中信银行信用卡(5878),成功,,入账日期:2025-04-20,中信银行-已出账单明细-7.xls
2025-04-19 00:00:00,-56.8,支出,财付通－喜茶,财付通－喜茶,中信银行信用卡(5878),成功,,入账日期:2025-04-19,中信银行-已出账单明细-7.xls
2025-04-19 00:00:00,-8.0,支出,财付通－云深烘焙店,财付通－云深烘焙店,中信银行信用卡(5878),成功,,入账日期:2025-04-19,中信银行-已出账单明细-7.xls
2025-04-19 00:00:00,-5.0,支出,财付通－花好月袁,财付通－花好月袁,中信银行信用卡(5878),成功,,入账日期:2025-04-19,中信银行-已出账单明细-7.xls
2025-04-19 00:00:00,-24.0,支出,财付通－圳卤力,财付通－圳卤力,中信银行信用卡(5878),成功,,入账日期:2025-04-19,中信银行-已出账单明细-7.xls
2025-04-18 00:00:00,-16.16,支出,财付通－美团平台商户,财付通－美团平台商户,中信银行信用卡(5878),成功,,入账日期:2025-04-18,中信银行-已出账单明细-7.xls
2025-04-18 00:00:00,-40.0,支出,财付通－圳卤力,财付通－圳卤力,中信银行信用卡(5878),成功,,入账日期:2025-04-18,中信银行-已出账单明细-7.xls
2025-04-18 00:00:00,-5.0,支出,财付通－瑞家超市,财付通－瑞家超市,中信银行信用卡(5878),成功,,入账日期:2025-04-18,中信银行-已出账单明细-7.xls
2025-04-18 00:00:00,-20.2,支出,财付通－收款类-S1-公司餐厅消费系统充值,财付通－收款类-S1-公司餐厅消费系统充值,中信银行信用卡(5878),成功,,入账日期:2025-04-18,中信银行-已出账单明细-7.xls
2025-04-17 00:00:00,-40.8,支出,财付通－喜茶,财付通－喜茶,中信银行信用卡(5878),成功,,入账日期:2025-04-17,中信银行-已出账单明细-7.xls
2025-04-17 00:00:00,-2.9,支出,财付通－收款类-S1-公司餐厅消费系统充值,财付通－收款类-S1-公司餐厅消费系统充值,中信银行信用卡(5878),成功,,入账日期:2025-04-17,中信银行-已出账单明细-7.xls
2025-04-17 00:00:00,-19.3,支出,财付通－收款类-S1-公司餐厅消费系统充值,财付通－收款类-S1-公司餐厅消费系统充值,中信银行信用卡(5878),成功,,入账日期:2025-04-17,中信银行-已出账单明细-7.xls
2025-04-16 00:00:00,-19.7,支出,财付通－四川联通,财付通－四川联通,中信银行信用卡(5878),成功,,入账日期:2025-04-16,中信银行-已出账单明细-8.xls
2025-04-16 00:00:00,-22.3,支出,财付通－欧伦超市科园店,财付通－欧伦超市科园店,中信银行信用卡(5878),成功,,入账日期:2025-04-16,中信银行-已出账单明细-8.xls
2025-04-16 00:00:00,-16.4,支出,财付通－收款类-S1-公司餐厅消费系统充值,财付通－收款类-S1-公司餐厅消费系统充值,中信银行信用卡(5878),成功,,入账日期:2025-04-16,中信银行-已出账单明细-8.xls
2025-04-15 00:00:00,-15.0,支出,财付通－https://www.apple.co,财付通－https://www.apple.co,中信银行信用卡(5878),成功,,入账日期:2025-04-15,中信银行-已出账单明细-8.xls
2025-04-15 00:00:00,-19.0,支出,财付通－收款类-S1-公司餐厅消费系统充值,财付通－收款类-S1-公司餐厅消费系统充值,中信银行信用卡(5878),成功,,入账日期:2025-04-15,中信银行-已出账单明细-8.xls
2025-04-14 00:00:00,-12.9,支出,财付通－汉堡王,财付通－汉堡王,中信银行信用卡(5878),成功,,入账日期:2025-04-14,中信银行-已出账单明细-8.xls
2025-04-14 00:00:00,-17.0,支出,财付通－孙麻辣兜兜菜（园艺山店）,财付通－孙麻辣兜兜菜（园艺山店）,中信银行信用卡(5878),成功,,入账日期:2025-04-14,中信银行-已出账单明细-8.xls
2025-04-14 00:00:00,-9.9,支出,财付通－成都罗森便利店,财付通－成都罗森便利店,中信银行信用卡(5878),成功,,入账日期:2025-04-14,中信银行-已出账单明细-8.xls
2025-04-14 00:00:00,-15.4,支出,财付通－收款类-S1-公司餐厅消费系统充值,财付通－收款类-S1-公司餐厅消费系统充值,中信银行信用卡(5878),成功,,入账日期:2025-04-14,中信银行-已出账单明细-8.xls
2025-04-12 00:00:00,-17.83,支出,支付宝－高德打车,支付宝－高德打车,中信银行信用卡(5878),成功,,入账日期:2025-04-12,中信银行-已出账单明细-8.xls
2025-04-12 00:00:00,-7.5,支出,支付宝-湖北天之友大药房连锁有限责任公司,支付宝-湖北天之友大药房连锁有限责任公司,中信银行信用卡(5878),成功,,入账日期:2025-04-12,中信银行-已出账单明细-8.xls
2025-04-12 00:00:00,-5.4,支出,支付宝－湖北明心堂大药房连锁有限公司,支付宝－湖北明心堂大药房连锁有限公司,中信银行信用卡(5878),成功,,入账日期:2025-04-12,中信银行-已出账单明细-8.xls
2025-04-12 00:00:00,-19.7,支出,支付宝－湖北天之友大药房连锁有限责任公司,支付宝－湖北天之友大药房连锁有限责任公司,中信银行信用卡(5878),成功,,入账日期:2025-04-12,中信银行-已出账单明细-8.xls
2025-04-12 00:00:00,-10.9,支出,支付宝－益丰大药房连锁股份有限公司,支付宝－益丰大药房连锁股份有限公司,中信银行信用卡(5878),成功,,入账日期:2025-04-12,中信银行-已出账单明细-8.xls
2025-04-12 00:00:00,-28.7,支出,支付宝－厦门亿晗商贸有限公司,支付宝－厦门亿晗商贸有限公司,中信银行信用卡(5878),成功,,入账日期:2025-04-12,中信银行-已出账单明细-8.xls
2025-04-11 00:00:00,-16.0,支出,财付通－喜茶-深圳,财付通－喜茶-深圳,中信银行信用卡(5878),成功,,入账日期:2025-04-11,中信银行-已出账单明细-8.xls
2025-04-11 00:00:00,-22.0,支出,财付通－喜茶,财付通－喜茶,中信银行信用卡(5878),成功,,入账日期:2025-04-11,中信银行-已出账单明细-8.xls
2025-04-11 00:00:00,-198.0,支出,财付通－盖璞（上海）商业有限公司,财付通－盖璞（上海）商业有限公司,中信银行信用卡(5878),成功,,入账日期:2025-04-11,中信银行-已出账单明细-8.xls
2025-04-11 00:00:00,-20.2,支出,财付通－收款类-S1-公司餐厅消费系统充值,财付通－收款类-S1-公司餐厅消费系统充值,中信银行信用卡(5878),成功,,入账日期:2025-04-11,中信银行-已出账单明细-8.xls
2025-04-11 00:00:00,-5.0,支出,财付通－快乐购超市科创园区店,财付通－快乐购超市科创园区店,中信银行信用卡(5878),成功,,入账日期:2025-04-11,中信银行-已出账单明细-8.xls
2025-04-10 00:00:00,-21.0,支出,财付通－孙麻辣兜兜菜（园艺山店）,财付通－孙麻辣兜兜菜（园艺山店）,中信银行信用卡(5878),成功,,入账日期:2025-04-10,中信银行-已出账单明细-8.xls
2025-04-10 00:00:00,-22.1,支出,财付通－收款类-S1-公司餐厅消费系统充值,财付通－收款类-S1-公司餐厅消费系统充值,中信银行信用卡(5878),成功,,入账日期:2025-04-10,中信银行-已出账单明细-8.xls
2025-04-10 00:00:00,-19.5,支出,财付通－正和祥-高水一店,财付通－正和祥-高水一店,中信银行信用卡(5878),成功,,入账日期:2025-04-10,中信银行-已出账单明细-8.xls
2025-04-09 00:00:00,-18.3,支出,财付通－收款类-S1-公司餐厅消费系统充值,财付通－收款类-S1-公司餐厅消费系统充值,中信银行信用卡(5878),成功,,入账日期:2025-04-09,中信银行-已出账单明细-8.xls
2025-04-08 00:00:00,-15.5,支出,支付宝－北京嘀嘀无限科技发展有限公司,支付宝－北京嘀嘀无限科技发展有限公司,中信银行信用卡(5878),成功,,入账日期:2025-04-08,中信银行-已出账单明细-8.xls
2025-04-07 00:00:00,-13.91,支出,支付宝－北京嘀嘀无限科技发展有限公司,支付宝－北京嘀嘀无限科技发展有限公司,中信银行信用卡(5878),成功,,入账日期:2025-04-07,中信银行-已出账单明细-8.xls
2025-04-06 00:00:00,-25.9,支出,支付宝－成都罗森便利店管理有限公司,支付宝－成都罗森便利店管理有限公司,中信银行信用卡(5878),成功,,入账日期:2025-04-06,中信银行-已出账单明细-8.xls
2025-04-06 00:00:00,-17.95,支出,支付宝－北京嘀嘀无限科技发展有限公司,支付宝－北京嘀嘀无限科技发展有限公司,中信银行信用卡(5878),成功,,入账日期:2025-04-06,中信银行-已出账单明细-8.xls
2025-04-06 00:00:00,-1.0,支出,支付宝－北京三快在线科技有限公司,支付宝－北京三快在线科技有限公司,中信银行信用卡(5878),成功,,入账日期:2025-04-06,中信银行-已出账单明细-8.xls
2025-04-06 00:00:00,-285.0,支出,支付宝－北京三快在线科技有限公司,支付宝－北京三快在线科技有限公司,中信银行信用卡(5878),成功,,入账日期:2025-04-06,中信银行-已出账单明细-8.xls
2025-04-06 00:00:00,-26.0,支出,财付通－绵阳市涪城区冰浆小吃店,财付通－绵阳市涪城区冰浆小吃店,中信银行信用卡(5878),成功,,入账日期:2025-04-06,中信银行-已出账单明细-8.xls
2025-04-06 00:00:00,-14.21,支出,支付宝－北京嘀嘀无限科技发展有限公司,支付宝－北京嘀嘀无限科技发展有限公司,中信银行信用卡(5878),成功,,入账日期:2025-04-06,中信银行-已出账单明细-8.xls
2025-04-06 00:00:00,-40.1,支出,财付通－成都罗森便利店,财付通－成都罗森便利店,中信银行信用卡(5878),成功,,入账日期:2025-04-06,中信银行-已出账单明细-8.xls
2025-04-06 00:00:00,-21.9,支出,支付宝－高德打车,支付宝－高德打车,中信银行信用卡(5878),成功,,入账日期:2025-04-06,中信银行-已出账单明细-8.xls
2025-04-05 00:00:00,-21.5,支出,支付宝－北京三快在线科技有限公司,支付宝－北京三快在线科技有限公司,中信银行信用卡(5878),成功,,入账日期:2025-04-05,中信银行-已出账单明细-8.xls
2025-04-05 00:00:00,-26.01,支出,支付宝－北京嘀嘀无限科技发展有限公司,支付宝－北京嘀嘀无限科技发展有限公司,中信银行信用卡(5878),成功,,入账日期:2025-04-05,中信银行-已出账单明细-8.xls
2025-04-05 00:00:00,-97.0,支出,支付宝－深圳寿司郎餐饮有限公司,支付宝－深圳寿司郎餐饮有限公司,中信银行信用卡(5878),成功,,入账日期:2025-04-05,中信银行-已出账单明细-8.xls
2025-04-05 00:00:00,-431.6,支出,支付宝－名创优品广东深圳宝安海雅百货店,支付宝－名创优品广东深圳宝安海雅百货店,中信银行信用卡(5878),成功,,入账日期:2025-04-05,中信银行-已出账单明细-8.xls
2025-04-05 00:00:00,-18.87,支出,支付宝－北京嘀嘀无限科技发展有限公司,支付宝－北京嘀嘀无限科技发展有限公司,中信银行信用卡(5878),成功,,入账日期:2025-04-05,中信银行-已出账单明细-8.xls
2025-04-04 00:00:00,-68.0,支出,财付通－iCloud 由云上贵州运营,财付通－iCloud 由云上贵州运营,中信银行信用卡(5878),成功,,入账日期:2025-04-04,中信银行-已出账单明细-8.xls
2025-04-03 00:00:00,-8.0,支出,财付通－深圳市顺易通信息科技有限公司,财付通－深圳市顺易通信息科技有限公司,中信银行信用卡(5878),成功,,入账日期:2025-04-03,中信银行-已出账单明细-8.xls
2025-04-03 00:00:00,-49.8,支出,财付通－名创优品四川绵阳中环时代购物广场店,财付通－名创优品四川绵阳中环时代购物广场店,中信银行信用卡(5878),成功,,入账日期:2025-04-03,中信银行-已出账单明细-8.xls
2025-04-03 00:00:00,-32.0,支出,财付通－CHICA面包研究所,财付通－CHICA面包研究所,中信银行信用卡(5878),成功,,入账日期:2025-04-03,中信银行-已出账单明细-8.xls
2025-04-03 00:00:00,-2.9,支出,财付通－收款类-S1-公司餐厅消费系统充值,财付通－收款类-S1-公司餐厅消费系统充值,中信银行信用卡(5878),成功,,入账日期:2025-04-03,中信银行-已出账单明细-8.xls
2025-04-03 00:00:00,-5424.87,支出,网银互联还款2323,网银互联还款2323,中信银行信用卡(5878),成功,,入账日期:2025-04-03,中信银行-已出账单明细-8.xls
2025-04-03 00:00:00,-19.7,支出,财付通－四川联通,财付通－四川联通,中信银行信用卡(5878),成功,,入账日期:2025-04-03,中信银行-已出账单明细-8.xls
2025-04-03 00:00:00,-12.16,支出,财付通－luckincoffee瑞幸咖啡,财付通－luckincoffee瑞幸咖啡,中信银行信用卡(5878),成功,,入账日期:2025-04-03,中信银行-已出账单明细-8.xls
2025-04-03 00:00:00,-25.0,支出,财付通－收款类-S1-公司餐厅消费系统充值,财付通－收款类-S1-公司餐厅消费系统充值,中信银行信用卡(5878),成功,,入账日期:2025-04-03,中信银行-已出账单明细-8.xls
2025-04-03 00:00:00,-13.83,支出,支付宝－北京嘀嘀无限科技发展有限公司,支付宝－北京嘀嘀无限科技发展有限公司,中信银行信用卡(5878),成功,,入账日期:2025-04-03,中信银行-已出账单明细-8.xls
2025-04-02 00:00:00,-12.0,支出,支付宝－广州有家实业有限公司,支付宝－广州有家实业有限公司,中信银行信用卡(5878),成功,,入账日期:2025-04-02,中信银行-已出账单明细-8.xls
2025-04-02 00:00:00,-12.63,支出,支付宝－滴滴出行科技有限公司,支付宝－滴滴出行科技有限公司,中信银行信用卡(5878),成功,,入账日期:2025-04-02,中信银行-已出账单明细-8.xls
2025-04-02 00:00:00,-13.8,支出,财付通－luckincoffee瑞幸咖啡,财付通－luckincoffee瑞幸咖啡,中信银行信用卡(5878),成功,,入账日期:2025-04-02,中信银行-已出账单明细-8.xls
2025-04-02 00:00:00,-50.0,支出,支付宝－中国移动,支付宝－中国移动,中信银行信用卡(5878),成功,,入账日期:2025-04-02,中信银行-已出账单明细-8.xls
2025-04-02 00:00:00,-12.5,支出,财付通－收款类-S1-公司餐厅消费系统充值,财付通－收款类-S1-公司餐厅消费系统充值,中信银行信用卡(5878),成功,,入账日期:2025-04-02,中信银行-已出账单明细-8.xls
2025-04-02 00:00:00,-12.81,支出,支付宝－北京嘀嘀无限科技发展有限公司,支付宝－北京嘀嘀无限科技发展有限公司,中信银行信用卡(5878),成功,,入账日期:2025-04-02,中信银行-已出账单明细-8.xls
2025-04-01 00:00:00,-24.74,支出,财付通－美团平台商户,财付通－美团平台商户,中信银行信用卡(5878),成功,,入账日期:2025-04-01,中信银行-已出账单明细-8.xls
2025-04-01 00:00:00,-19.9,支出,财付通－七炭烧烤·宵夜·团建（西丽店）,财付通－七炭烧烤·宵夜·团建（西丽店）,中信银行信用卡(5878),成功,,入账日期:2025-04-01,中信银行-已出账单明细-8.xls
2025-04-01 00:00:00,-14.46,支出,支付宝－北京嘀嘀无限科技发展有限公司,支付宝－北京嘀嘀无限科技发展有限公司,中信银行信用卡(5878),成功,,入账日期:2025-04-01,中信银行-已出账单明细-8.xls
2025-04-01 00:00:00,-12.17,支出,支付宝－滴滴出行科技有限公司,支付宝－滴滴出行科技有限公司,中信银行信用卡(5878),成功,,入账日期:2025-04-01,中信银行-已出账单明细-8.xls
2025-03-31 00:00:00,-61.9,支出,支付宝－北京三快在线科技有限公司,支付宝－北京三快在线科技有限公司,中信银行信用卡(5878),成功,,入账日期:2025-03-31,中信银行-已出账单明细-8.xls
2025-03-31 00:00:00,-6.8,支出,支付宝－广州有家实业有限公司,支付宝－广州有家实业有限公司,中信银行信用卡(5878),成功,,入账日期:2025-03-31,中信银行-已出账单明细-8.xls
2025-03-31 00:00:00,-100.0,支出,财付通－国防科大财务结算室,财付通－国防科大财务结算室,中信银行信用卡(5878),成功,,入账日期:2025-03-31,中信银行-已出账单明细-8.xls
2025-03-29 00:00:00,-156.0,支出,支付宝－深圳市同升餐饮管理有限公司,支付宝－深圳市同升餐饮管理有限公司,中信银行信用卡(5878),成功,,入账日期:2025-03-29,中信银行-已出账单明细-8.xls
2025-03-28 00:00:00,-4.0,支出,支付宝－滴滴出行科技有限公司,支付宝－滴滴出行科技有限公司,中信银行信用卡(5878),成功,,入账日期:2025-03-28,中信银行-已出账单明细-8.xls
2025-03-28 00:00:00,-12.32,支出,支付宝－滴滴出行科技有限公司,支付宝－滴滴出行科技有限公司,中信银行信用卡(5878),成功,,入账日期:2025-03-28,中信银行-已出账单明细-8.xls
2025-03-28 00:00:00,-49.0,支出,支付宝－徐川,支付宝－徐川,中信银行信用卡(5878),成功,,入账日期:2025-03-28,中信银行-已出账单明细-8.xls
2025-03-28 00:00:00,-1.0,支出,支付宝－卢振荣,支付宝－卢振荣,中信银行信用卡(5878),成功,,入账日期:2025-03-28,中信银行-已出账单明细-8.xls
2025-03-27 00:00:00,-1099.0,支出,财付通－得物APP平台商户,财付通－得物APP平台商户,中信银行信用卡(5878),成功,,入账日期:2025-03-27,中信银行-已出账单明细-8.xls
2025-03-26 00:00:00,-19.0,支出,支付宝－中国铁路网络有限公司,支付宝－中国铁路网络有限公司,中信银行信用卡(5878),成功,,入账日期:2025-03-26,中信银行-已出账单明细-8.xls
2025-03-26 00:00:00,-19.0,支出,支付宝－中国铁路网络有限公司,支付宝－中国铁路网络有限公司,中信银行信用卡(5878),成功,,入账日期:2025-03-26,中信银行-已出账单明细-8.xls
2025-03-25 00:00:00,-6.09,支出,财付通－千惠,财付通－千惠,中信银行信用卡(5878),成功,,入账日期:2025-03-25,中信银行-已出账单明细-8.xls
2025-03-25 00:00:00,-113.6,支出,财付通－三十栋饭店,财付通－三十栋饭店,中信银行信用卡(5878),成功,,入账日期:2025-03-25,中信银行-已出账单明细-8.xls
2025-03-25 00:00:00,-18.0,支出,财付通－东北锅包肉,财付通－东北锅包肉,中信银行信用卡(5878),成功,,入账日期:2025-03-25,中信银行-已出账单明细-8.xls
2025-03-25 00:00:00,-106.88,支出,支付宝－上海薄荷健康科技股份有限公司,支付宝－上海薄荷健康科技股份有限公司,中信银行信用卡(5878),成功,,入账日期:2025-03-25,中信银行-已出账单明细-8.xls
2025-03-24 00:00:00,-12.0,支出,支付宝－广州有家实业有限公司,支付宝－广州有家实业有限公司,中信银行信用卡(5878),成功,,入账日期:2025-03-24,中信银行-已出账单明细-8.xls
2025-03-24 00:00:00,-25.0,支出,支付宝－梅州市顺意商贸有限公司,支付宝－梅州市顺意商贸有限公司,中信银行信用卡(5878),成功,,入账日期:2025-03-24,中信银行-已出账单明细-8.xls
2025-03-23 00:00:00,-9.0,支出,支付宝－厦门科拓通讯技术股份有限公司,支付宝－厦门科拓通讯技术股份有限公司,中信银行信用卡(5878),成功,,入账日期:2025-03-23,中信银行-已出账单明细-8.xls
2025-03-23 00:00:00,-200.0,支出,支付宝－10度CSalon,支付宝－10度CSalon,中信银行信用卡(5878),成功,,入账日期:2025-03-23,中信银行-已出账单明细-8.xls
2025-03-22 00:00:00,-99.55,支出,支付宝－中国石化销售股份有限公司四川石油分公司,支付宝－中国石化销售股份有限公司四川石油分公司,中信银行信用卡(5878),成功,,入账日期:2025-03-22,中信银行-已出账单明细-8.xls
2025-03-22 00:00:00,-25.8,支出,支付宝－金牛区五块石鹿岛生活服装店,支付宝－金牛区五块石鹿岛生活服装店,中信银行信用卡(5878),成功,,入账日期:2025-03-22,中信银行-已出账单明细-8.xls
2025-03-22 00:00:00,-11.9,支出,支付宝－成都罗森便利店管理有限公司,支付宝－成都罗森便利店管理有限公司,中信银行信用卡(5878),成功,,入账日期:2025-03-22,中信银行-已出账单明细-8.xls
2025-03-21 00:00:00,-5.03,支出,支付宝－云上艾珀（贵州）技术有限公司,支付宝－云上艾珀（贵州）技术有限公司,中信银行信用卡(5878),成功,,入账日期:2025-03-27,中信银行-已出账单明细-8.xls
2025-03-21 00:00:00,-29.9,支出,财付通－哲品爱马哥,财付通－哲品爱马哥,中信银行信用卡(5878),成功,,入账日期:2025-03-21,中信银行-已出账单明细-8.xls
2025-03-21 00:00:00,-75.0,支出,支付宝－阿里健康医药（广东）有限公司,支付宝－阿里健康医药（广东）有限公司,中信银行信用卡(5878),成功,,入账日期:2025-03-21,中信银行-已出账单明细-8.xls
2025-03-21 00:00:00,-85.8,支出,支付宝－淄博高茂健康有限公司,支付宝－淄博高茂健康有限公司,中信银行信用卡(5878),成功,,入账日期:2025-03-21,中信银行-已出账单明细-8.xls
2025-03-21 00:00:00,-6.0,支出,支付宝－云上艾珀（贵州）技术有限公司,支付宝－云上艾珀（贵州）技术有限公司,中信银行信用卡(5878),成功,,入账日期:2025-03-21,中信银行-已出账单明细-8.xls
2025-03-20 00:00:00,-12.4,支出,支付宝－滴滴出行科技有限公司,支付宝－滴滴出行科技有限公司,中信银行信用卡(5878),成功,,入账日期:2025-03-20,中信银行-已出账单明细-8.xls
2025-03-20 00:00:00,-12.0,支出,支付宝－广州有家实业有限公司,支付宝－广州有家实业有限公司,中信银行信用卡(5878),成功,,入账日期:2025-03-20,中信银行-已出账单明细-8.xls
2025-03-19 00:00:00,-19.3,支出,财付通－绵阳市涪城区温拿鲜食批发行,财付通－绵阳市涪城区温拿鲜食批发行,中信银行信用卡(5878),成功,,入账日期:2025-03-19,中信银行-已出账单明细-8.xls
2025-03-19 00:00:00,-19.8,支出,财付通－奥特乐,财付通－奥特乐,中信银行信用卡(5878),成功,,入账日期:2025-03-19,中信银行-已出账单明细-8.xls
2025-03-19 00:00:00,-13.6,支出,财付通－收款类-S1-公司餐厅消费系统充值,财付通－收款类-S1-公司餐厅消费系统充值,中信银行信用卡(5878),成功,,入账日期:2025-03-19,中信银行-已出账单明细-8.xls
2025-03-18 00:00:00,-30.0,支出,财付通－六月面包,财付通－六月面包,中信银行信用卡(5878),成功,,入账日期:2025-03-18,中信银行-已出账单明细-8.xls
2025-03-18 00:00:00,-18.3,支出,财付通－收款类-S1-公司餐厅消费系统充值,财付通－收款类-S1-公司餐厅消费系统充值,中信银行信用卡(5878),成功,,入账日期:2025-03-18,中信银行-已出账单明细-8.xls
2025-03-18 00:00:00,-4.0,支出,财付通－收款类-S1-公司餐厅消费系统充值,财付通－收款类-S1-公司餐厅消费系统充值,中信银行信用卡(5878),成功,,入账日期:2025-03-18,中信银行-已出账单明细-8.xls
2025-03-18 00:00:00,-21.95,支出,支付宝－北京嘀嘀无限科技发展有限公司,支付宝－北京嘀嘀无限科技发展有限公司,中信银行信用卡(5878),成功,,入账日期:2025-03-18,中信银行-已出账单明细-8.xls
2025-03-18 00:00:00,-27.0,支出,支付宝－广州有家实业有限公司,支付宝－广州有家实业有限公司,中信银行信用卡(5878),成功,,入账日期:2025-03-18,中信银行-已出账单明细-8.xls
2025-03-16 00:00:00,-56.9,支出,财付通－深圳金拱门食品有限公司,财付通－深圳金拱门食品有限公司,中信银行信用卡(5878),成功,,入账日期:2025-03-16,中信银行-已出账单明细-9.xls
2025-03-16 00:00:00,-10.11,支出,支付宝－高德打车,支付宝－高德打车,中信银行信用卡(5878),成功,,入账日期:2025-03-16,中信银行-已出账单明细-9.xls
2025-03-16 00:00:00,-80.0,支出,财付通－美团平台商户,财付通－美团平台商户,中信银行信用卡(5878),成功,,入账日期:2025-03-16,中信银行-已出账单明细-9.xls
2025-03-15 00:00:00,-22.0,支出,财付通－圳卤力,财付通－圳卤力,中信银行信用卡(5878),成功,,入账日期:2025-03-15,中信银行-已出账单明细-9.xls
2025-03-15 00:00:00,-19.7,支出,财付通－成都罗森便利店,财付通－成都罗森便利店,中信银行信用卡(5878),成功,,入账日期:2025-03-15,中信银行-已出账单明细-9.xls
2025-03-15 00:00:00,-17.0,支出,财付通－个体西安油泼面,财付通－个体西安油泼面,中信银行信用卡(5878),成功,,入账日期:2025-03-15,中信银行-已出账单明细-9.xls
2025-03-15 00:00:00,-15.0,支出,财付通－https:www.apple.comcnitunescharts,财付通－https:www.apple.comcnitunescharts,中信银行信用卡(5878),成功,,入账日期:2025-03-15,中信银行-已出账单明细-9.xls
2025-03-15 00:00:00,-75.9,支出,财付通－深圳金拱门食品有限公司,财付通－深圳金拱门食品有限公司,中信银行信用卡(5878),成功,,入账日期:2025-03-15,中信银行-已出账单明细-9.xls
2025-03-15 00:00:00,-15.0,支出,财付通－瑞致纯剪S,财付通－瑞致纯剪S,中信银行信用卡(5878),成功,,入账日期:2025-03-15,中信银行-已出账单明细-9.xls
2025-03-15 00:00:00,-24.0,支出,财付通－中南大学湘雅医院,财付通－中南大学湘雅医院,中信银行信用卡(5878),成功,,入账日期:2025-03-15,中信银行-已出账单明细-9.xls
2025-03-14 00:00:00,-20.8,支出,财付通－京东商城平台商户,财付通－京东商城平台商户,中信银行信用卡(5878),成功,,入账日期:2025-03-14,中信银行-已出账单明细-9.xls
2025-03-14 00:00:00,-57.5,支出,财付通－美团平台商户,财付通－美团平台商户,中信银行信用卡(5878),成功,,入账日期:2025-03-14,中信银行-已出账单明细-9.xls
2025-03-14 00:00:00,-16.0,支出,财付通－收款类-S1-公司餐厅消费系统充值,财付通－收款类-S1-公司餐厅消费系统充值,中信银行信用卡(5878),成功,,入账日期:2025-03-14,中信银行-已出账单明细-9.xls
2025-03-14 00:00:00,-19.7,支出,财付通－四川联通,财付通－四川联通,中信银行信用卡(5878),成功,,入账日期:2025-03-14,中信银行-已出账单明细-9.xls
2025-03-13 00:00:00,-26.0,支出,财付通－美团平台商户,财付通－美团平台商户,中信银行信用卡(5878),成功,,入账日期:2025-03-13,中信银行-已出账单明细-9.xls
2025-03-13 00:00:00,-23.0,支出,财付通－丰巢,财付通－丰巢,中信银行信用卡(5878),成功,,入账日期:2025-03-13,中信银行-已出账单明细-9.xls
2025-03-13 00:00:00,-10.7,支出,财付通－收款类-S1-公司餐厅消费系统充值,财付通－收款类-S1-公司餐厅消费系统充值,中信银行信用卡(5878),成功,,入账日期:2025-03-13,中信银行-已出账单明细-9.xls
2025-03-12 00:00:00,-17.3,支出,财付通－收款类-S1-公司餐厅消费系统充值,财付通－收款类-S1-公司餐厅消费系统充值,中信银行信用卡(5878),成功,,入账日期:2025-03-12,中信银行-已出账单明细-9.xls
2025-03-11 00:00:00,-9.9,支出,财付通－luckincoffee瑞幸咖啡,财付通－luckincoffee瑞幸咖啡,中信银行信用卡(5878),成功,,入账日期:2025-03-11,中信银行-已出账单明细-9.xls
2025-03-11 00:00:00,-24.0,支出,财付通－食面兽,财付通－食面兽,中信银行信用卡(5878),成功,,入账日期:2025-03-11,中信银行-已出账单明细-9.xls
2025-03-09 00:00:00,-24.9,支出,财付通－美团平台商户,财付通－美团平台商户,中信银行信用卡(5878),成功,,入账日期:2025-03-09,中信银行-已出账单明细-9.xls
2025-03-09 00:00:00,-50.0,支出,财付通－腾讯内部员工Q币购买,财付通－腾讯内部员工Q币购买,中信银行信用卡(5878),成功,,入账日期:2025-03-09,中信银行-已出账单明细-9.xls
2025-03-09 00:00:00,-9.0,支出,财付通－凯源乐超市,财付通－凯源乐超市,中信银行信用卡(5878),成功,,入账日期:2025-03-09,中信银行-已出账单明细-9.xls
2025-03-09 00:00:00,-72.0,支出,财付通－达美乐比萨,财付通－达美乐比萨,中信银行信用卡(5878),成功,,入账日期:2025-03-09,中信银行-已出账单明细-9.xls
2025-03-09 00:00:00,-56.03,支出,财付通－深圳金拱门食品有限公司,财付通－深圳金拱门食品有限公司,中信银行信用卡(5878),成功,,入账日期:2025-03-09,中信银行-已出账单明细-9.xls
2025-03-09 00:00:00,-23.23,支出,财付通－美团平台商户,财付通－美团平台商户,中信银行信用卡(5878),成功,,入账日期:2025-03-09,中信银行-已出账单明细-9.xls
2025-03-08 00:00:00,-174.0,支出,财付通－泰式热炒,财付通－泰式热炒,中信银行信用卡(5878),成功,,入账日期:2025-03-08,中信银行-已出账单明细-9.xls
2025-03-08 00:00:00,-39.7,支出,财付通－去茶山万象城店,财付通－去茶山万象城店,中信银行信用卡(5878),成功,,入账日期:2025-03-08,中信银行-已出账单明细-9.xls
2025-03-08 00:00:00,-27.5,支出,财付通－深圳金拱门食品有限公司,财付通－深圳金拱门食品有限公司,中信银行信用卡(5878),成功,,入账日期:2025-03-08,中信银行-已出账单明细-9.xls
2025-03-08 00:00:00,-19.0,支出,财付通－美团平台商户,财付通－美团平台商户,中信银行信用卡(5878),成功,,入账日期:2025-03-08,中信银行-已出账单明细-9.xls
2025-03-08 00:00:00,-16.0,支出,财付通-美团平台商户,财付通-美团平台商户,中信银行信用卡(5878),成功,,入账日期:2025-03-08,中信银行-已出账单明细-9.xls
2025-03-08 00:00:00,-16.0,支出,财付通－美团平台商户,财付通－美团平台商户,中信银行信用卡(5878),成功,,入账日期:2025-03-08,中信银行-已出账单明细-9.xls
2025-03-08 00:00:00,-45.0,支出,财付通－中铁网络,财付通－中铁网络,中信银行信用卡(5878),成功,,入账日期:2025-03-08,中信银行-已出账单明细-9.xls
2025-03-07 00:00:00,-26.0,支出,财付通－美团平台商户,财付通－美团平台商户,中信银行信用卡(5878),成功,,入账日期:2025-03-07,中信银行-已出账单明细-9.xls
2025-03-07 00:00:00,-12.1,支出,支付宝－滴滴出行科技有限公司,支付宝－滴滴出行科技有限公司,中信银行信用卡(5878),成功,,入账日期:2025-03-07,中信银行-已出账单明细-9.xls
2025-03-07 00:00:00,-11.5,支出,财付通－美团平台商户,财付通－美团平台商户,中信银行信用卡(5878),成功,,入账日期:2025-03-07,中信银行-已出账单明细-9.xls
2025-03-07 00:00:00,-20.6,支出,财付通－收款类-S1-公司餐厅消费系统充值,财付通－收款类-S1-公司餐厅消费系统充值,中信银行信用卡(5878),成功,,入账日期:2025-03-07,中信银行-已出账单明细-9.xls
2025-03-07 00:00:00,-15.67,支出,支付宝－北京嘀嘀无限科技发展有限公司,支付宝－北京嘀嘀无限科技发展有限公司,中信银行信用卡(5878),成功,,入账日期:2025-03-07,中信银行-已出账单明细-9.xls
2025-03-06 00:00:00,-19.7,支出,财付通－四川联通,财付通－四川联通,中信银行信用卡(5878),成功,,入账日期:2025-03-06,中信银行-已出账单明细-9.xls
2025-03-06 00:00:00,-13.65,支出,财付通－luckincoffee瑞幸咖啡,财付通－luckincoffee瑞幸咖啡,中信银行信用卡(5878),成功,,入账日期:2025-03-06,中信银行-已出账单明细-9.xls
2025-03-06 00:00:00,-21.1,支出,财付通－收款类-S1-公司餐厅消费系统充值,财付通－收款类-S1-公司餐厅消费系统充值,中信银行信用卡(5878),成功,,入账日期:2025-03-06,中信银行-已出账单明细-9.xls
2025-03-06 00:00:00,-15.39,支出,支付宝－北京嘀嘀无限科技发展有限公司,支付宝－北京嘀嘀无限科技发展有限公司,中信银行信用卡(5878),成功,,入账日期:2025-03-06,中信银行-已出账单明细-9.xls
2025-03-05 00:00:00,-25.11,支出,支付宝－北京嘀嘀无限科技发展有限公司,支付宝－北京嘀嘀无限科技发展有限公司,中信银行信用卡(5878),成功,,入账日期:2025-03-05,中信银行-已出账单明细-9.xls
2025-03-05 00:00:00,-13.8,支出,财付通－成都罗森便利店,财付通－成都罗森便利店,中信银行信用卡(5878),成功,,入账日期:2025-03-05,中信银行-已出账单明细-9.xls
2025-03-05 00:00:00,-33.5,支出,财付通－美团平台商户,财付通－美团平台商户,中信银行信用卡(5878),成功,,入账日期:2025-03-05,中信银行-已出账单明细-9.xls
2025-03-05 00:00:00,-8000.0,支出,网银互联还款2323,网银互联还款2323,中信银行信用卡(5878),成功,,入账日期:2025-03-05,中信银行-已出账单明细-9.xls
2025-03-05 00:00:00,-20.2,支出,财付通－收款类-S1-公司餐厅消费系统充值,财付通－收款类-S1-公司餐厅消费系统充值,中信银行信用卡(5878),成功,,入账日期:2025-03-05,中信银行-已出账单明细-9.xls
2025-03-05 00:00:00,-19.33,支出,支付宝－北京嘀嘀无限科技发展有限公司,支付宝－北京嘀嘀无限科技发展有限公司,中信银行信用卡(5878),成功,,入账日期:2025-03-05,中信银行-已出账单明细-9.xls
2025-03-05 00:00:00,-48.5,支出,财付通－中国移动,财付通－中国移动,中信银行信用卡(5878),成功,,入账日期:2025-03-05,中信银行-已出账单明细-9.xls
2025-03-04 00:00:00,-68.0,支出,财付通－iCloud 由云上贵州运营,财付通－iCloud 由云上贵州运营,中信银行信用卡(5878),成功,,入账日期:2025-03-04,中信银行-已出账单明细-9.xls
2025-03-04 00:00:00,-15.39,支出,支付宝－北京嘀嘀无限科技发展有限公司,支付宝－北京嘀嘀无限科技发展有限公司,中信银行信用卡(5878),成功,,入账日期:2025-03-04,中信银行-已出账单明细-9.xls
2025-03-04 00:00:00,-110.11,支出,支付宝－Stripe Inc,支付宝－Stripe Inc,中信银行信用卡(5878),成功,,入账日期:2025-03-04,中信银行-已出账单明细-9.xls
2025-03-04 00:00:00,-23.8,支出,支付宝－广州有家实业有限公司,支付宝－广州有家实业有限公司,中信银行信用卡(5878),成功,,入账日期:2025-03-04,中信银行-已出账单明细-9.xls
2025-03-03 00:00:00,-15.39,支出,支付宝－北京嘀嘀无限科技发展有限公司,支付宝－北京嘀嘀无限科技发展有限公司,中信银行信用卡(5878),成功,,入账日期:2025-03-03,中信银行-已出账单明细-9.xls
2025-03-02 00:00:00,-13.68,支出,支付宝－北京嘀嘀无限科技发展有限公司,支付宝－北京嘀嘀无限科技发展有限公司,中信银行信用卡(5878),成功,,入账日期:2025-03-02,中信银行-已出账单明细-9.xls
2025-03-02 00:00:00,-212.04,支出,支付宝－新派（上海）餐饮管理有限公司,支付宝－新派（上海）餐饮管理有限公司,中信银行信用卡(5878),成功,,入账日期:2025-03-02,中信银行-已出账单明细-9.xls
2025-03-02 00:00:00,-19.8,支出,支付宝－佑美(浙江)实业有限公司,支付宝－佑美(浙江)实业有限公司,中信银行信用卡(5878),成功,,入账日期:2025-03-02,中信银行-已出账单明细-9.xls
2025-03-02 00:00:00,-19.0,支出,支付宝－深圳市品道餐饮管理有限公司,支付宝－深圳市品道餐饮管理有限公司,中信银行信用卡(5878),成功,,入账日期:2025-03-02,中信银行-已出账单明细-9.xls
2025-03-02 00:00:00,-54.0,支出,支付宝－麺屋猪一（万科云城店）,支付宝－麺屋猪一（万科云城店）,中信银行信用卡(5878),成功,,入账日期:2025-03-02,中信银行-已出账单明细-9.xls
2025-03-02 00:00:00,-69.0,支出,支付宝－深圳泊有生活服务有限公司,支付宝－深圳泊有生活服务有限公司,中信银行信用卡(5878),成功,,入账日期:2025-03-02,中信银行-已出账单明细-9.xls
2025-03-01 00:00:00,-200.0,支出,财付通－国防科大财务结算室,财付通－国防科大财务结算室,中信银行信用卡(5878),成功,,入账日期:2025-03-01,中信银行-已出账单明细-9.xls
2025-03-01 00:00:00,-56.9,支出,财付通－深圳金拱门食品有限公司,财付通－深圳金拱门食品有限公司,中信银行信用卡(5878),成功,,入账日期:2025-03-01,中信银行-已出账单明细-9.xls
2025-02-28 00:00:00,-2078.75,支出,财付通－南山云城泊寓旗舰店,财付通－南山云城泊寓旗舰店,中信银行信用卡(5878),成功,,入账日期:2025-02-28,中信银行-已出账单明细-9.xls
2025-02-28 00:00:00,-99.73,支出,财付通－南山云城泊寓旗舰店,财付通－南山云城泊寓旗舰店,中信银行信用卡(5878),成功,,入账日期:2025-02-28,中信银行-已出账单明细-9.xls
2025-02-28 00:00:00,-3.5,支出,财付通－美宜佳（四川）便利店有限公司,财付通－美宜佳（四川）便利店有限公司,中信银行信用卡(5878),成功,,入账日期:2025-02-28,中信银行-已出账单明细-9.xls
2025-02-28 00:00:00,-31.5,支出,财付通－美团平台商户,财付通－美团平台商户,中信银行信用卡(5878),成功,,入账日期:2025-02-28,中信银行-已出账单明细-9.xls
2025-02-28 00:00:00,-19.0,支出,财付通－收款类-S1-公司餐厅消费系统充值,财付通－收款类-S1-公司餐厅消费系统充值,中信银行信用卡(5878),成功,,入账日期:2025-02-28,中信银行-已出账单明细-9.xls
2025-02-28 00:00:00,-15.39,支出,支付宝－北京嘀嘀无限科技发展有限公司,支付宝－北京嘀嘀无限科技发展有限公司,中信银行信用卡(5878),成功,,入账日期:2025-02-28,中信银行-已出账单明细-9.xls
2025-02-27 00:00:00,-63.42,支出,支付宝－七炭烧烤·宵夜·团建（西丽店）,支付宝－七炭烧烤·宵夜·团建（西丽店）,中信银行信用卡(5878),成功,,入账日期:2025-02-27,中信银行-已出账单明细-9.xls
2025-02-27 00:00:00,-41.32,支出,财付通－成都奈雪,财付通－成都奈雪,中信银行信用卡(5878),成功,,入账日期:2025-02-27,中信银行-已出账单明细-9.xls
2025-02-27 00:00:00,-9.01,支出,支付宝－彭小龙,支付宝－彭小龙,中信银行信用卡(5878),成功,,入账日期:2025-02-27,中信银行-已出账单明细-9.xls
2025-02-27 00:00:00,-19.7,支出,财付通－四川联通,财付通－四川联通,中信银行信用卡(5878),成功,,入账日期:2025-02-27,中信银行-已出账单明细-9.xls
2025-02-27 00:00:00,-29.8,支出,财付通－收款类-S1-公司餐厅消费系统充值,财付通－收款类-S1-公司餐厅消费系统充值,中信银行信用卡(5878),成功,,入账日期:2025-02-27,中信银行-已出账单明细-9.xls
2025-02-27 00:00:00,-15.39,支出,支付宝－北京嘀嘀无限科技发展有限公司,支付宝－北京嘀嘀无限科技发展有限公司,中信银行信用卡(5878),成功,,入账日期:2025-02-27,中信银行-已出账单明细-9.xls
2025-02-27 00:00:00,-364.0,支出,财付通－京东商城平台商户,财付通－京东商城平台商户,中信银行信用卡(5878),成功,,入账日期:2025-02-27,中信银行-已出账单明细-9.xls
2025-02-26 00:00:00,-40.0,支出,支付宝－上海珑公商务咨询有限公司,支付宝－上海珑公商务咨询有限公司,中信银行信用卡(5878),成功,,入账日期:2025-02-26,中信银行-已出账单明细-9.xls
2025-02-26 00:00:00,-31.3,支出,财付通－成都罗森便利店,财付通－成都罗森便利店,中信银行信用卡(5878),成功,,入账日期:2025-02-26,中信银行-已出账单明细-9.xls
2025-02-26 00:00:00,-22.1,支出,财付通－收款类-S1-公司餐厅消费系统充值,财付通－收款类-S1-公司餐厅消费系统充值,中信银行信用卡(5878),成功,,入账日期:2025-02-26,中信银行-已出账单明细-9.xls
2025-02-26 00:00:00,-16.89,支出,支付宝－北京嘀嘀无限科技发展有限公司,支付宝－北京嘀嘀无限科技发展有限公司,中信银行信用卡(5878),成功,,入账日期:2025-02-26,中信银行-已出账单明细-9.xls
2025-02-25 00:00:00,-6.0,支出,财付通－绵阳富临百盛广场有限公司观花湖畔分公司,财付通－绵阳富临百盛广场有限公司观花湖畔分公司,中信银行信用卡(5878),成功,,入账日期:2025-02-25,中信银行-已出账单明细-9.xls
2025-02-25 00:00:00,-16.0,支出,财付通－收款类-S1-公司餐厅消费系统充值,财付通－收款类-S1-公司餐厅消费系统充值,中信银行信用卡(5878),成功,,入账日期:2025-02-25,中信银行-已出账单明细-9.xls
2025-02-25 00:00:00,-28.2,支出,支付宝－广州有家实业有限公司,支付宝－广州有家实业有限公司,中信银行信用卡(5878),成功,,入账日期:2025-02-25,中信银行-已出账单明细-9.xls
2025-02-24 00:00:00,-14.14,支出,财付通－美团平台商户,财付通－美团平台商户,中信银行信用卡(5878),成功,,入账日期:2025-02-24,中信银行-已出账单明细-9.xls
2025-02-24 00:00:00,-26.16,支出,支付宝－福州市鼓楼区谷嘚日用品商行(个体工商户),支付宝－福州市鼓楼区谷嘚日用品商行(个体工商户),中信银行信用卡(5878),成功,,入账日期:2025-02-24,中信银行-已出账单明细-9.xls
2025-02-24 00:00:00,-21.2,支出,财付通－收款类-S1-公司餐厅消费系统充值,财付通－收款类-S1-公司餐厅消费系统充值,中信银行信用卡(5878),成功,,入账日期:2025-02-24,中信银行-已出账单明细-9.xls
2025-02-23 00:00:00,-19.9,支出,财付通－美团平台商户,财付通－美团平台商户,中信银行信用卡(5878),成功,,入账日期:2025-02-23,中信银行-已出账单明细-9.xls
2025-02-23 00:00:00,-10.0,支出,财付通－绝城芋儿鸡（通安巷店）,财付通－绝城芋儿鸡（通安巷店）,中信银行信用卡(5878),成功,,入账日期:2025-02-23,中信银行-已出账单明细-9.xls
2025-02-23 00:00:00,-55.25,支出,财付通－深圳市致远创想科技有限公司,财付通－深圳市致远创想科技有限公司,中信银行信用卡(5878),成功,,入账日期:2025-02-23,中信银行-已出账单明细-9.xls
2025-02-23 00:00:00,-38.0,支出,财付通－七炭烧烤·宵夜·团建（西丽店）,财付通－七炭烧烤·宵夜·团建（西丽店）,中信银行信用卡(5878),成功,,入账日期:2025-02-23,中信银行-已出账单明细-9.xls
2025-02-22 00:00:00,-6.5,支出,财付通－美宜佳（四川）便利店有限公司,财付通－美宜佳（四川）便利店有限公司,中信银行信用卡(5878),成功,,入账日期:2025-02-22,中信银行-已出账单明细-9.xls
2025-02-22 00:00:00,-28.4,支出,财付通－浙江古茗,财付通－浙江古茗,中信银行信用卡(5878),成功,,入账日期:2025-02-22,中信银行-已出账单明细-9.xls
2025-02-22 00:00:00,-38.9,支出,财付通－深圳金拱门食品有限公司,财付通－深圳金拱门食品有限公司,中信银行信用卡(5878),成功,,入账日期:2025-02-22,中信银行-已出账单明细-9.xls
2025-02-21 00:00:00,-19.7,支出,财付通－四川联通,财付通－四川联通,中信银行信用卡(5878),成功,,入账日期:2025-02-21,中信银行-已出账单明细-9.xls
2025-02-20 00:00:00,-30.78,支出,财付通－美团平台商户,财付通－美团平台商户,中信银行信用卡(5878),成功,,入账日期:2025-02-20,中信银行-已出账单明细-9.xls
2025-02-20 00:00:00,-19.7,支出,财付通－收款类-S1-公司餐厅消费系统充值,财付通－收款类-S1-公司餐厅消费系统充值,中信银行信用卡(5878),成功,,入账日期:2025-02-20,中信银行-已出账单明细-9.xls
2025-02-19 00:00:00,-10.0,支出,财付通－水滴筹做善事得福报,财付通－水滴筹做善事得福报,中信银行信用卡(5878),成功,,入账日期:2025-02-19,中信银行-已出账单明细-9.xls
2025-02-19 00:00:00,-16.0,支出,财付通－丰巢,财付通－丰巢,中信银行信用卡(5878),成功,,入账日期:2025-02-19,中信银行-已出账单明细-9.xls
2025-02-19 00:00:00,-16.4,支出,财付通－收款类-S1-公司餐厅消费系统充值,财付通－收款类-S1-公司餐厅消费系统充值,中信银行信用卡(5878),成功,,入账日期:2025-02-19,中信银行-已出账单明细-9.xls
2025-02-19 00:00:00,-5.0,支出,财付通－收款类-S1-公司餐厅消费系统充值,财付通－收款类-S1-公司餐厅消费系统充值,中信银行信用卡(5878),成功,,入账日期:2025-02-19,中信银行-已出账单明细-9.xls
2025-02-18 00:00:00,-18.3,支出,财付通－收款类-S1-公司餐厅消费系统充值,财付通－收款类-S1-公司餐厅消费系统充值,中信银行信用卡(5878),成功,,入账日期:2025-02-18,中信银行-已出账单明细-9.xls
2025-02-17 00:00:00,-27.0,支出,财付通－美团平台商户,财付通－美团平台商户,中信银行信用卡(5878),成功,,入账日期:2025-02-17,中信银行-已出账单明细-9.xls
2025-02-17 00:00:00,-24.2,支出,财付通－收款类-S1-公司餐厅消费系统充值,财付通－收款类-S1-公司餐厅消费系统充值,中信银行信用卡(5878),成功,,入账日期:2025-02-17,中信银行-已出账单明细-9.xls
2025-12-10 00:00:00,-7.2,支出,财付通－高德打车,财付通－高德打车,中信银行信用卡(5878),成功,,入账日期:2025-12-10,中信银行-已出账单明细.xls
2025-12-10 00:00:00,-32.88,支出,财付通－滴滴出行,财付通－滴滴出行,中信银行信用卡(5878),成功,,入账日期:2025-12-10,中信银行-已出账单明细.xls
2025-12-10 00:00:00,-16.0,支出,财付通－滴滴出行,财付通－滴滴出行,中信银行信用卡(5878),成功,,入账日期:2025-12-10,中信银行-已出账单明细.xls
2025-12-10 00:00:00,-16.29,支出,财付通－高德打车,财付通－高德打车,中信银行信用卡(5878),成功,,入账日期:2025-12-10,中信银行-已出账单明细.xls
2025-12-10 00:00:00,-14.23,支出,财付通－高德打车,财付通－高德打车,中信银行信用卡(5878),成功,,入账日期:2025-12-10,中信银行-已出账单明细.xls
2025-12-10 00:00:00,-39.0,支出,财付通－滴滴出行,财付通－滴滴出行,中信银行信用卡(5878),成功,,入账日期:2025-12-10,中信银行-已出账单明细.xls
2025-12-10 00:00:00,-34.0,支出,财付通－滴滴出行,财付通－滴滴出行,中信银行信用卡(5878),成功,,入账日期:2025-12-10,中信银行-已出账单明细.xls
2025-12-09 00:00:00,-20.59,支出,财付通－拼多多平台商户,财付通－拼多多平台商户,中信银行信用卡(5878),成功,,入账日期:2025-12-09,中信银行-已出账单明细.xls
2025-12-09 00:00:00,-25.08,支出,财付通－老乡鸡,财付通－老乡鸡,中信银行信用卡(5878),成功,,入账日期:2025-12-09,中信银行-已出账单明细.xls
2025-12-08 00:00:00,-35.0,支出,财付通－滴滴出行,财付通－滴滴出行,中信银行信用卡(5878),成功,,入账日期:2025-12-08,中信银行-已出账单明细.xls
2025-12-08 00:00:00,-39.5,支出,财付通－老乡鸡,财付通－老乡鸡,中信银行信用卡(5878),成功,,入账日期:2025-12-08,中信银行-已出账单明细.xls
2025-12-08 00:00:00,-25.05,支出,财付通－滴滴出行,财付通－滴滴出行,中信银行信用卡(5878),成功,,入账日期:2025-12-08,中信银行-已出账单明细.xls
2025-12-08 00:00:00,-19.5,支出,财付通－滴滴出行,财付通－滴滴出行,中信银行信用卡(5878),成功,,入账日期:2025-12-08,中信银行-已出账单明细.xls
2025-12-08 00:00:00,-47.4,支出,财付通－滴滴出行,财付通－滴滴出行,中信银行信用卡(5878),成功,,入账日期:2025-12-08,中信银行-已出账单明细.xls
2025-12-08 00:00:00,-39.8,支出,财付通－滴滴出行,财付通－滴滴出行,中信银行信用卡(5878),成功,,入账日期:2025-12-08,中信银行-已出账单明细.xls
2025-12-07 00:00:00,-35.0,支出,财付通－滴滴出行,财付通－滴滴出行,中信银行信用卡(5878),成功,,入账日期:2025-12-07,中信银行-已出账单明细.xls
2025-12-07 00:00:00,-132.45,支出,财付通－美团平台商户,财付通－美团平台商户,中信银行信用卡(5878),成功,,入账日期:2025-12-07,中信银行-已出账单明细.xls
2025-12-07 00:00:00,-27.5,支出,财付通－美团平台商户,财付通－美团平台商户,中信银行信用卡(5878),成功,,入账日期:2025-12-07,中信银行-已出账单明细.xls
2025-12-07 00:00:00,-41.03,支出,财付通－美团平台商户,财付通－美团平台商户,中信银行信用卡(5878),成功,,入账日期:2025-12-07,中信银行-已出账单明细.xls
2025-12-07 00:00:00,-34.1,支出,财付通－美团平台商户,财付通－美团平台商户,中信银行信用卡(5878),成功,,入账日期:2025-12-07,中信银行-已出账单明细.xls
2025-12-07 00:00:00,-28.9,支出,财付通－美团平台商户,财付通－美团平台商户,中信银行信用卡(5878),成功,,入账日期:2025-12-07,中信银行-已出账单明细.xls
2025-12-07 00:00:00,-32.3,支出,财付通－美团平台商户,财付通－美团平台商户,中信银行信用卡(5878),成功,,入账日期:2025-12-07,中信银行-已出账单明细.xls
2025-12-07 00:00:00,-23.0,支出,财付通－美团平台商户,财付通－美团平台商户,中信银行信用卡(5878),成功,,入账日期:2025-12-07,中信银行-已出账单明细.xls
2025-12-07 00:00:00,-126.0,支出,财付通－美团平台商户,财付通－美团平台商户,中信银行信用卡(5878),成功,,入账日期:2025-12-07,中信银行-已出账单明细.xls
2025-12-07 00:00:00,-30.0,支出,财付通－美团平台商户,财付通－美团平台商户,中信银行信用卡(5878),成功,,入账日期:2025-12-07,中信银行-已出账单明细.xls
2025-12-07 00:00:00,-49.09,支出,财付通－美团平台商户,财付通－美团平台商户,中信银行信用卡(5878),成功,,入账日期:2025-12-07,中信银行-已出账单明细.xls
2025-12-07 00:00:00,-39.9,支出,财付通－美团平台商户,财付通－美团平台商户,中信银行信用卡(5878),成功,,入账日期:2025-12-07,中信银行-已出账单明细.xls
2025-12-07 00:00:00,-43.9,支出,财付通－美团平台商户,财付通－美团平台商户,中信银行信用卡(5878),成功,,入账日期:2025-12-07,中信银行-已出账单明细.xls
2025-12-06 00:00:00,-12.98,支出,财付通－美团平台商户,财付通－美团平台商户,中信银行信用卡(5878),成功,,入账日期:2025-12-06,中信银行-已出账单明细.xls
2025-12-06 00:00:00,-12.98,支出,财付通－美团平台商户,财付通－美团平台商户,中信银行信用卡(5878),成功,,入账日期:2025-12-06,中信银行-已出账单明细.xls
2025-12-06 00:00:00,-41.1,支出,财付通－美团平台商户,财付通－美团平台商户,中信银行信用卡(5878),成功,,入账日期:2025-12-06,中信银行-已出账单明细.xls
2025-12-05 00:00:00,-26.02,支出,财付通－滴滴出行,财付通－滴滴出行,中信银行信用卡(5878),成功,,入账日期:2025-12-05,中信银行-已出账单明细.xls
2025-12-05 00:00:00,-66.3,支出,财付通－深圳市致远创想科技有限公司,财付通－深圳市致远创想科技有限公司,中信银行信用卡(5878),成功,,入账日期:2025-12-05,中信银行-已出账单明细.xls
2025-12-05 00:00:00,-158.9,支出,财付通－京东商城平台商户,财付通－京东商城平台商户,中信银行信用卡(5878),成功,,入账日期:2025-12-05,中信银行-已出账单明细.xls
2025-11-29 00:00:00,-32.0,支出,财付通－滴滴出行,财付通－滴滴出行,中信银行信用卡(5878),成功,,入账日期:2025-11-29,中信银行-已出账单明细.xls
2025-11-28 00:00:00,-19.0,支出,财付通－美团平台商户,财付通－美团平台商户,中信银行信用卡(5878),成功,,入账日期:2025-11-28,中信银行-已出账单明细.xls
2025-11-27 00:00:00,-31.68,支出,财付通－滴滴出行,财付通－滴滴出行,中信银行信用卡(5878),成功,,入账日期:2025-11-27,中信银行-已出账单明细.xls
2025-11-27 00:00:00,-3957.38,支出,网银互联还款2323,网银互联还款2323,中信银行信用卡(5878),成功,,入账日期:2025-11-27,中信银行-已出账单明细.xls
2025-11-27 00:00:00,-19940.25,支出,网银互联还款2323,网银互联还款2323,中信银行信用卡(5878),成功,,入账日期:2025-11-27,中信银行-已出账单明细.xls
2025-11-27 00:00:00,-10.0,支出,财付通－甘草医生在线,财付通－甘草医生在线,中信银行信用卡(5878),成功,,入账日期:2025-11-27,中信银行-已出账单明细.xls
2025-11-26 00:00:00,-36.83,支出,财付通－滴滴出行平台商户,财付通－滴滴出行平台商户,中信银行信用卡(5878),成功,,入账日期:2025-11-26,中信银行-已出账单明细.xls
2025-11-26 00:00:00,-6030.0,支出,财付通－西部乐巢,财付通－西部乐巢,中信银行信用卡(5878),成功,,入账日期:2025-11-26,中信银行-已出账单明细.xls
2025-11-25 00:00:00,-33.0,支出,财付通－滴滴出行,财付通－滴滴出行,中信银行信用卡(5878),成功,,入账日期:2025-11-25,中信银行-已出账单明细.xls
2025-11-25 00:00:00,-19.5,支出,财付通－美团平台商户,财付通－美团平台商户,中信银行信用卡(5878),成功,,入账日期:2025-11-25,中信银行-已出账单明细.xls
2025-11-25 00:00:00,-0.99,支出,财付通－美团,财付通－美团,中信银行信用卡(5878),成功,,入账日期:2025-11-25,中信银行-已出账单明细.xls
2025-11-24 00:00:00,-32.28,支出,财付通－滴滴出行,财付通－滴滴出行,中信银行信用卡(5878),成功,,入账日期:2025-11-24,中信银行-已出账单明细.xls
2025-11-24 00:00:00,-36.0,支出,财付通－赵记传承,财付通－赵记传承,中信银行信用卡(5878),成功,,入账日期:2025-11-24,中信银行-已出账单明细.xls
2025-11-24 00:00:00,-3.0,支出,财付通－琪洁洗衣,财付通－琪洁洗衣,中信银行信用卡(5878),成功,,入账日期:2025-11-24,中信银行-已出账单明细.xls
2025-11-24 00:00:00,-11.0,支出,财付通－绵阳城区兴怡副食品经营部,财付通－绵阳城区兴怡副食品经营部,中信银行信用卡(5878),成功,,入账日期:2025-11-24,中信银行-已出账单明细.xls
2025-11-24 00:00:00,-26.4,支出,财付通－老乡鸡,财付通－老乡鸡,中信银行信用卡(5878),成功,,入账日期:2025-11-24,中信银行-已出账单明细.xls
2025-11-24 00:00:00,-37.0,支出,财付通－滴滴出行,财付通－滴滴出行,中信银行信用卡(5878),成功,,入账日期:2025-11-24,中信银行-已出账单明细.xls
2025-11-24 00:00:00,-20.7,支出,财付通－滴滴出行,财付通－滴滴出行,中信银行信用卡(5878),成功,,入账日期:2025-11-24,中信银行-已出账单明细.xls
2025-11-23 00:00:00,-36.9,支出,财付通－滴滴出行,财付通－滴滴出行,中信银行信用卡(5878),成功,,入账日期:2025-11-23,中信银行-已出账单明细.xls
2025-11-23 00:00:00,-48.5,支出,财付通－老乡鸡,财付通－老乡鸡,中信银行信用卡(5878),成功,,入账日期:2025-11-23,中信银行-已出账单明细.xls
2025-11-23 00:00:00,-29.9,支出,财付通－肯德基,财付通－肯德基,中信银行信用卡(5878),成功,,入账日期:2025-11-23,中信银行-已出账单明细.xls
2025-11-23 00:00:00,-25.43,支出,财付通－滴滴出行,财付通－滴滴出行,中信银行信用卡(5878),成功,,入账日期:2025-11-23,中信银行-已出账单明细.xls
2025-11-22 00:00:00,-39.0,支出,财付通－秩序酒吧,财付通－秩序酒吧,中信银行信用卡(5878),成功,,入账日期:2025-11-22,中信银行-已出账单明细.xls
2025-11-22 00:00:00,-160.0,支出,财付通－拼多多平台商户,财付通－拼多多平台商户,中信银行信用卡(5878),成功,,入账日期:2025-11-22,中信银行-已出账单明细.xls
2025-11-22 00:00:00,-160.8,支出,财付通－美团平台商户,财付通－美团平台商户,中信银行信用卡(5878),成功,,入账日期:2025-11-22,中信银行-已出账单明细.xls
2025-11-22 00:00:00,-325.0,支出,财付通－复旦大学附属中山医院,财付通－复旦大学附属中山医院,中信银行信用卡(5878),成功,,入账日期:2025-11-22,中信银行-已出账单明细.xls
2025-11-22 00:00:00,-269.0,支出,财付通－简单心理,财付通－简单心理,中信银行信用卡(5878),成功,,入账日期:2025-11-22,中信银行-已出账单明细.xls
2025-11-20 00:00:00,-39.5,支出,财付通－老乡鸡,财付通－老乡鸡,中信银行信用卡(5878),成功,,入账日期:2025-11-20,中信银行-已出账单明细.xls
2025-11-19 00:00:00,-40.5,支出,财付通－老乡鸡,财付通－老乡鸡,中信银行信用卡(5878),成功,,入账日期:2025-11-19,中信银行-已出账单明细.xls
2025-11-18 00:00:00,-13.9,支出,财付通－美团平台商户,财付通－美团平台商户,中信银行信用卡(5878),成功,,入账日期:2025-11-18,中信银行-已出账单明细.xls
2025-11-18 00:00:00,-20.0,支出,财付通－美团平台商户,财付通－美团平台商户,中信银行信用卡(5878),成功,,入账日期:2025-11-18,中信银行-已出账单明细.xls
2025-11-17 00:00:00,-39.49,支出,财付通－老乡鸡,财付通－老乡鸡,中信银行信用卡(5878),成功,,入账日期:2025-11-17,中信银行-已出账单明细.xls
2025-11-17 00:00:00,-49.9,支出,财付通－京东商城平台商户,财付通－京东商城平台商户,中信银行信用卡(5878),成功,,入账日期:2025-11-17,中信银行-已出账单明细.xls
2025-11-16 00:00:00,-34.77,支出,财付通－滴滴出行,财付通－滴滴出行,中信银行信用卡(5878),成功,,入账日期:2025-11-16,中信银行-已出账单明细.xls
2025-11-16 00:00:00,-19.0,支出,财付通－美团平台商户,财付通－美团平台商户,中信银行信用卡(5878),成功,,入账日期:2025-11-16,中信银行-已出账单明细.xls
2025-11-16 00:00:00,-29.9,支出,财付通－滴滴出行,财付通－滴滴出行,中信银行信用卡(5878),成功,,入账日期:2025-11-16,中信银行-已出账单明细.xls
2025-11-16 00:00:00,-59.9,支出,财付通－滴滴出行,财付通－滴滴出行,中信银行信用卡(5878),成功,,入账日期:2025-11-16,中信银行-已出账单明细.xls
2025-11-15 00:00:00,-22.51,支出,财付通－滴滴出行,财付通－滴滴出行,中信银行信用卡(5878),成功,,入账日期:2025-11-15,中信银行-已出账单明细.xls
2025-11-15 00:00:00,-50.9,支出,财付通－京东商城平台商户,财付通－京东商城平台商户,中信银行信用卡(5878),成功,,入账日期:2025-11-15,中信银行-已出账单明细.xls
2025-11-15 00:00:00,-56.9,支出,财付通－上海金拱门食品有限公司,财付通－上海金拱门食品有限公司,中信银行信用卡(5878),成功,,入账日期:2025-11-15,中信银行-已出账单明细.xls
2025-11-15 00:00:00,-17.0,支出,财付通－滴滴出行,财付通－滴滴出行,中信银行信用卡(5878),成功,,入账日期:2025-11-15,中信银行-已出账单明细.xls
2025-11-15 00:00:00,-1.0,支出,财付通－美团平台商户,财付通－美团平台商户,中信银行信用卡(5878),成功,,入账日期:2025-11-15,中信银行-已出账单明细.xls
2025-11-15 00:00:00,-15.9,支出,财付通－滴滴出行,财付通－滴滴出行,中信银行信用卡(5878),成功,,入账日期:2025-11-15,中信银行-已出账单明细.xls
2025-11-14 00:00:00,-33.9,支出,财付通－滴滴出行,财付通－滴滴出行,中信银行信用卡(5878),成功,,入账日期:2025-11-14,中信银行-已出账单明细.xls
2025-11-14 00:00:00,-58.5,支出,财付通－成都盒马,财付通－成都盒马,中信银行信用卡(5878),成功,,入账日期:2025-11-14,中信银行-已出账单明细.xls
2025-11-14 00:00:00,-264.0,支出,财付通－美团平台商户,财付通－美团平台商户,中信银行信用卡(5878),成功,,入账日期:2025-11-14,中信银行-已出账单明细.xls
2025-11-14 00:00:00,-174.0,支出,财付通－美团平台商户,财付通－美团平台商户,中信银行信用卡(5878),成功,,入账日期:2025-11-14,中信银行-已出账单明细.xls
2025-11-14 00:00:00,-111.0,支出,财付通－美团平台商户,财付通－美团平台商户,中信银行信用卡(5878),成功,,入账日期:2025-11-14,中信银行-已出账单明细.xls
2025-11-14 00:00:00,-32.67,支出,财付通－滴滴出行,财付通－滴滴出行,中信银行信用卡(5878),成功,,入账日期:2025-11-14,中信银行-已出账单明细.xls
2025-11-14 00:00:00,-174.0,支出,财付通－美团平台商户,财付通－美团平台商户,中信银行信用卡(5878),成功,,入账日期:2025-11-14,中信银行-已出账单明细.xls
2025-11-14 00:00:00,-264.0,支出,财付通－美团平台商户,财付通－美团平台商户,中信银行信用卡(5878),成功,,入账日期:2025-11-14,中信银行-已出账单明细.xls
2025-11-14 00:00:00,-27.4,支出,财付通－四川金拱门食品有限公司,财付通－四川金拱门食品有限公司,中信银行信用卡(5878),成功,,入账日期:2025-11-14,中信银行-已出账单明细.xls
2025-11-13 00:00:00,-28.6,支出,财付通－滴滴出行,财付通－滴滴出行,中信银行信用卡(5878),成功,,入账日期:2025-11-13,中信银行-已出账单明细.xls
2025-11-13 00:00:00,-2.5,支出,财付通－华师大ECNU,财付通－华师大ECNU,中信银行信用卡(5878),成功,,入账日期:2025-11-13,中信银行-已出账单明细.xls
2025-11-13 00:00:00,-4.0,支出,财付通－华师大ECNU,财付通－华师大ECNU,中信银行信用卡(5878),成功,,入账日期:2025-11-13,中信银行-已出账单明细.xls
2025-11-13 00:00:00,-15.0,支出,财付通－美团平台商户,财付通－美团平台商户,中信银行信用卡(5878),成功,,入账日期:2025-11-13,中信银行-已出账单明细.xls
2025-11-13 00:00:00,-21.7,支出,财付通－美团平台商户,财付通－美团平台商户,中信银行信用卡(5878),成功,,入账日期:2025-11-13,中信银行-已出账单明细.xls
2025-11-12 00:00:00,-36.0,支出,财付通－滴滴出行,财付通－滴滴出行,中信银行信用卡(5878),成功,,入账日期:2025-11-12,中信银行-已出账单明细.xls
2025-11-12 00:00:00,-162.8,支出,财付通－京东商城平台商户,财付通－京东商城平台商户,中信银行信用卡(5878),成功,,入账日期:2025-11-12,中信银行-已出账单明细.xls
2025-11-12 00:00:00,-66.3,支出,财付通－深圳市致远创想科技有限公司,财付通－深圳市致远创想科技有限公司,中信银行信用卡(5878),成功,,入账日期:2025-11-12,中信银行-已出账单明细.xls
2025-11-12 00:00:00,-19.0,支出,财付通－美团平台商户,财付通－美团平台商户,中信银行信用卡(5878),成功,,入账日期:2025-11-12,中信银行-已出账单明细.xls
2025-11-12 00:00:00,-12.0,支出,财付通－重庆糊辣壳面庄,财付通－重庆糊辣壳面庄,中信银行信用卡(5878),成功,,入账日期:2025-11-12,中信银行-已出账单明细.xls
2025-11-12 00:00:00,-28.45,支出,财付通－美团平台商户,财付通－美团平台商户,中信银行信用卡(5878),成功,,入账日期:2025-11-12,中信银行-已出账单明细.xls
2025-11-12 00:00:00,-9.8,支出,财付通－拼多多平台商户,财付通－拼多多平台商户,中信银行信用卡(5878),成功,,入账日期:2025-11-12,中信银行-已出账单明细.xls
2025-11-12 00:00:00,-500.0,支出,财付通－西部乐巢,财付通－西部乐巢,中信银行信用卡(5878),成功,,入账日期:2025-11-12,中信银行-已出账单明细.xls
2025-11-12 00:00:00,-38.2,支出,财付通－滴滴出行,财付通－滴滴出行,中信银行信用卡(5878),成功,,入账日期:2025-11-12,中信银行-已出账单明细.xls
2025-11-11 00:00:00,-28.9,支出,财付通－滴滴出行,财付通－滴滴出行,中信银行信用卡(5878),成功,,入账日期:2025-11-11,中信银行-已出账单明细.xls
2025-11-11 00:00:00,-9.9,支出,财付通－成都红旗连锁股份有限公司,财付通－成都红旗连锁股份有限公司,中信银行信用卡(5878),成功,,入账日期:2025-11-11,中信银行-已出账单明细.xls
2025-11-11 00:00:00,-49.79,支出,财付通－美团平台商户,财付通－美团平台商户,中信银行信用卡(5878),成功,,入账日期:2025-11-11,中信银行-已出账单明细.xls
2025-11-11 00:00:00,-19.7,支出,财付通－四川联通,财付通－四川联通,中信银行信用卡(5878),成功,,入账日期:2025-11-11,中信银行-已出账单明细.xls
2025-11-11 00:00:00,-109.48,支出,财付通－京东商城平台商户,财付通－京东商城平台商户,中信银行信用卡(5878),成功,,入账日期:2025-11-11,中信银行-已出账单明细.xls
